Image,Action,Adventure,Comedy,Drama,Ecchi,Fantasy,Horror,Mahou Shoujo,Mecha,Music,Mystery,Psychological,Romance,Sci-Fi,Sports,Slice of Life,Supernatural,Thriller
Poster/Shingeki_no_Kyojin.jpg,1,0,0,1,0,1,0,0,0,0,1,0,0,0,0,0,0,0
Poster/Boku_no_Hero_Academia.jpg,1,1,1,0,0,0,0,0,0,0,0,0,0,0,0,0,0,0
Poster/Kimetsu_no_Yaiba.jpg,1,1,0,1,0,1,0,0,0,0,0,0,0,0,0,0,1,0
Poster/HUNTER×HUNTER_(2011).jpg,1,1,0,0,0,1,0,0,0,0,0,0,0,0,0,0,0,0
Poster/One_Punch_Man.jpg,1,0,1,0,0,0,0,0,0,0,0,0,0,1,0,0,1,0
Poster/Sword_Art_Online.jpg,1,1,0,0,0,1,0,0,0,0,0,0,1,0,0,0,0,0
Poster/Tokyo_Ghoul.jpg,1,0,0,1,0,0,1,0,0,0,1,1,0,0,0,0,1,0
Poster/Jujutsu_Kaisen.jpg,1,0,0,1,0,0,0,0,0,0,0,0,0,0,0,0,1,0
Poster/Hagane_no_Renkinjutsushi:_FULLMETAL_ALCHEMIST.jpg,1,1,0,1,0,1,0,0,0,0,0,0,0,0,0,0,0,0
Poster/Shingeki_no_Kyojin_2.jpg,1,0,0,1,0,1,0,0,0,0,1,0,0,0,0,0,0,0
Poster/Boku_no_Hero_Academia_2.jpg,1,1,1,0,0,0,0,0,0,0,0,0,0,0,0,0,0,0
Poster/NARUTO.jpg,1,0,1,0,0,0,0,0,0,0,0,0,0,0,0,0,0,0
Poster/Shingeki_no_Kyojin_3.jpg,1,0,0,1,0,1,0,0,0,0,1,0,0,0,0,0,0,0
Poster/Boku_no_Hero_Academia_3.jpg,1,1,1,0,0,0,0,0,0,0,0,0,0,0,0,0,0,0
Poster/Ansatsu_Kyoushitsu.jpg,1,0,1,1,0,0,0,0,0,0,0,0,0,0,0,0,1,0
Poster/Noragami.jpg,1,1,1,0,0,1,0,0,0,0,0,0,0,0,0,0,1,0
Poster/NARUTO:_Shippuuden.jpg,1,0,1,0,0,0,0,0,0,0,0,0,0,0,0,0,0,0
Poster/Re:Zero_kara_Hajimeru_Isekai_Seikatsu.jpg,1,1,0,1,0,1,0,0,0,0,0,1,1,0,0,0,0,1
Poster/Shingeki_no_Kyojin:_The_Final_Season.jpg,1,0,0,1,0,1,0,0,0,0,1,0,0,0,0,0,0,0
Poster/Mob_Psycho_100.jpg,1,0,1,0,0,0,0,0,0,0,0,1,0,0,0,1,1,0
Poster/ONE_PIECE.jpg,1,1,1,1,0,1,0,0,0,0,0,0,0,0,0,0,0,0
Poster/Shingeki_no_Kyojin_3_Part_2.jpg,1,0,0,1,0,1,0,0,0,0,1,0,0,0,0,0,0,0
Poster/Nanatsu_no_Taizai.jpg,1,1,1,0,1,1,0,0,0,0,0,0,0,0,0,0,1,0
Poster/Boku_no_Hero_Academia_4.jpg,1,1,1,0,0,0,0,0,0,0,0,0,0,0,0,0,0,0
Poster/Akame_ga_Kill!.jpg,1,1,0,1,0,1,1,0,0,0,0,1,0,0,0,0,0,1
Poster/Dr._STONE.jpg,1,1,1,0,0,0,0,0,0,0,0,0,0,1,0,0,0,0
Poster/Black_Clover.jpg,1,1,1,0,0,1,0,0,0,0,0,0,0,0,0,0,0,0
Poster/DARLING_in_the_FRANXX.jpg,1,0,0,1,0,0,0,0,1,0,0,1,1,1,0,0,0,0
Poster/Ao_no_Exorcist.jpg,1,0,0,0,0,1,0,0,0,0,0,0,0,0,0,0,1,0
Poster/Kiseijuu:_Sei_no_Kakuritsu.jpg,1,0,0,1,0,0,1,0,0,0,0,1,0,1,0,0,0,0
Poster/Angel_Beats!.jpg,1,0,1,1,0,0,0,0,0,0,0,0,0,0,0,0,1,0
Poster/Sword_Art_Online_II.jpg,1,1,0,0,0,1,0,0,0,0,0,0,0,1,0,0,0,0
Poster/Mirai_Nikki.jpg,1,0,0,0,0,0,1,0,0,0,1,1,0,0,0,0,1,1
Poster/Code_Geass:_Hangyaku_no_Lelouch.jpg,1,0,0,1,0,0,0,0,1,0,0,0,0,1,0,0,0,1
Poster/JoJo_no_Kimyou_na_Bouken_(TV).jpg,1,1,0,0,0,0,0,0,0,0,0,0,0,0,0,0,1,0
Poster/Cowboy_Bebop.jpg,1,1,0,1,0,0,0,0,0,0,0,0,0,1,0,0,0,0
Poster/Kill_la_Kill.jpg,1,0,1,0,1,0,0,0,0,0,0,0,0,0,0,0,0,0
Poster/Shin_Seiki_Evangelion.jpg,1,0,0,1,0,0,0,0,1,0,1,1,0,1,0,0,0,0
Poster/One_Punch_Man_2.jpg,1,0,1,0,0,0,0,0,0,0,0,0,0,1,0,0,1,0
Poster/Mob_Psycho_100_II.jpg,1,0,1,0,0,0,0,0,0,0,0,1,0,0,0,1,1,0
Poster/Tokyo_Ghoul_√A.jpg,1,0,0,1,0,0,1,0,0,0,1,1,0,0,0,0,1,0
Poster/Enen_no_Shouboutai.jpg,1,0,0,1,0,0,0,0,0,0,0,0,0,1,0,0,1,0
Poster/Tate_no_Yuusha_no_Nariagari.jpg,1,1,0,0,0,1,0,0,0,0,0,0,0,0,0,0,0,0
Poster/Dungeon_ni_Deai_wo_Motomeru_no_wa_Machigatteiru_Darou_ka.jpg,1,1,1,0,0,1,0,0,0,0,0,0,1,0,0,0,0,0
Poster/Bungou_Stray_Dogs.jpg,1,0,1,0,0,0,0,0,0,0,1,0,0,0,0,0,1,0
Poster/Kimetsu_no_Yaiba:_Mugen_Ressha_hen.jpg,1,1,0,1,0,1,0,0,0,0,1,0,0,0,0,0,1,0
Poster/Vinland_Saga.jpg,1,1,0,1,0,0,0,0,0,0,0,0,0,0,0,0,0,0
Poster/Bleach.jpg,1,1,0,0,0,0,0,0,0,0,0,0,0,0,0,0,1,0
Poster/FAIRY_TAIL.jpg,1,1,1,0,0,1,0,0,0,0,0,0,0,0,0,0,0,0
Poster/Yakusoku_no_Neverland_2.jpg,1,1,0,1,0,1,1,0,0,0,0,0,0,0,0,0,0,0
Poster/PSYCHO_PASS.jpg,1,0,0,0,0,0,0,0,0,0,0,1,0,1,0,0,0,1
Poster/Tokyo_Revengers.jpg,1,0,0,1,0,0,0,0,0,0,0,0,1,0,0,0,1,0
Poster/Tensei_Shitara_Slime_Datta_Ken.jpg,1,1,1,0,0,1,0,0,0,0,0,0,0,0,0,0,0,0
Poster/Boku_no_Hero_Academia_5.jpg,1,1,1,0,0,0,0,0,0,0,0,0,0,0,0,0,0,0
Poster/Fate_Zero.jpg,1,0,0,1,0,1,0,0,0,0,0,0,0,0,0,0,1,0
Poster/Soul_Eater.jpg,1,1,1,0,0,1,0,0,0,0,0,0,0,0,0,0,0,0
Poster/Tengen_Toppa_Gurren_Lagann.jpg,1,0,1,1,0,0,0,0,1,0,0,0,1,1,0,0,0,0
Poster/Code_Geass:_Hangyaku_no_Lelouch_R2.jpg,1,0,0,1,0,0,0,0,1,0,0,0,0,1,0,0,0,1
Poster/Ansatsu_Kyoushitsu_2.jpg,1,0,1,1,0,0,0,0,0,0,0,0,0,0,0,0,1,0
Poster/Overlord.jpg,1,1,0,0,0,1,0,0,0,0,0,0,0,0,0,0,0,0
Poster/Noragami_Aragoto.jpg,1,1,1,0,0,0,0,0,0,0,0,0,0,0,0,0,1,0
Poster/Dororo.jpg,1,1,0,1,0,0,0,0,0,0,0,0,0,0,0,0,1,0
Poster/BANANA_FISH.jpg,1,1,0,1,0,0,0,0,0,0,0,1,0,0,0,0,0,1
Poster/Re:Zero_kara_Hajimeru_Isekai_Seikatsu_2nd_Season.jpg,1,1,0,1,0,1,0,0,0,0,0,1,0,0,0,0,0,1
Poster/DEVILMAN_crybaby.jpg,1,0,0,1,0,0,1,0,0,0,0,1,0,0,0,0,1,0
Poster/Durarara!!.jpg,1,0,0,0,0,0,0,0,0,0,1,0,0,0,0,0,1,0
Poster/Owari_no_Seraph.jpg,1,0,0,1,0,1,0,0,0,0,1,0,0,0,0,0,1,0
Poster/Mahou_Shoujo_Madoka☆Magica.jpg,1,0,0,1,0,1,0,1,0,0,0,1,0,0,0,0,0,1
Poster/JoJo_no_Kimyou_na_Bouken:_Stardust_Crusaders.jpg,1,1,0,0,0,0,0,0,0,0,0,0,0,0,0,0,1,0
Poster/Nanatsu_no_Taizai:_Imashime_no_Fukkatsu.jpg,1,1,1,0,1,1,0,0,0,0,0,0,0,0,0,0,1,0
Poster/Kyoukai_no_Kanata.jpg,1,0,0,1,0,1,0,0,0,0,0,0,0,0,0,1,1,0
Poster/Tokyo_Ghoul:re.jpg,1,0,0,0,0,0,1,0,0,0,1,1,0,0,0,0,1,0
Poster/Kami_no_Tou:_Tower_of_God.jpg,1,1,0,1,0,1,0,0,0,0,1,0,0,0,0,0,0,0
Poster/THE_GOD_OF_HIGH_SCHOOL.jpg,1,0,1,0,0,0,0,0,0,0,0,0,0,0,0,0,1,0
Poster/Dr._STONE:_STONE_WARS.jpg,1,1,1,0,0,0,0,0,0,0,0,0,0,1,0,0,0,0
Poster/Wonder_Egg_Priority.jpg,1,0,0,1,0,1,0,0,0,0,1,1,0,1,0,0,0,1
Poster/High_School_DxD.jpg,1,0,1,0,1,1,0,0,0,0,0,0,1,0,0,0,0,0
Poster/Sword_Art_Online:_Alicization.jpg,1,1,0,0,0,1,0,0,0,0,0,0,0,0,0,0,0,0
Poster/JoJo_no_Kimyou_na_Bouken:_Diamond_wa_Kudakenai.jpg,1,1,0,1,0,0,0,0,0,0,1,0,0,0,0,0,1,0
Poster/Gintama.jpg,1,0,1,1,0,0,0,0,0,0,0,0,0,1,0,0,0,0
Poster/Goblin_Slayer.jpg,1,1,0,0,0,1,0,0,0,0,0,0,0,0,0,0,0,0
Poster/Gakuen_Mokushiroku:_HIGHSCHOOL_OF_THE_DEAD.jpg,1,0,0,1,1,0,1,0,0,0,0,0,1,0,0,0,1,0
Poster/Elfen_Lied.jpg,1,0,0,1,1,0,1,0,0,0,0,1,1,0,0,0,1,0
Poster/Mononoke_hime.jpg,1,1,0,1,0,1,0,0,0,0,0,0,0,0,0,0,0,0
Poster/JoJo_no_Kimyou_na_Bouken:_Ougon_no_Kaze.jpg,1,1,0,1,0,0,0,0,0,0,1,0,0,0,0,0,1,0
Poster/Fate_stay_night:_Unlimited_Blade_Works.jpg,1,0,0,0,0,1,0,0,0,0,0,0,0,0,0,0,1,0
Poster/JoJo_no_Kimyou_na_Bouken:_Stardust_Crusaders___Egypt_hen.jpg,1,1,0,1,0,0,0,0,0,0,0,0,0,0,0,0,1,0
Poster/Samurai_Champloo.jpg,1,1,1,0,0,0,0,0,0,0,0,0,0,0,0,0,0,0
Poster/Fate_Zero_2nd_Season.jpg,1,0,0,1,0,1,0,0,0,0,0,0,0,0,0,0,1,0
Poster/Kuroshitsuji.jpg,1,0,1,0,0,1,0,0,0,0,1,0,0,0,0,0,1,0
Poster/Hagane_no_Renkinjutsushi.jpg,1,1,0,1,0,1,0,0,0,0,0,0,0,0,0,0,0,0
Poster/Enen_no_Shouboutai:_Ni_no_Shou.jpg,1,0,0,1,0,0,0,0,0,0,0,0,0,1,0,0,1,0
Poster/GUILTY_CROWN.jpg,1,0,0,1,0,0,0,0,1,0,0,1,1,1,0,0,0,0
Poster/Deadman_Wonderland.jpg,1,0,0,0,0,0,1,0,0,0,0,0,0,1,0,0,0,0
Poster/Mahouka_Koukou_no_Rettousei.jpg,1,0,0,0,0,0,0,0,0,0,0,0,1,1,0,0,1,0
Poster/Log_Horizon.jpg,1,1,0,0,0,1,0,0,0,0,0,0,0,0,0,0,0,0
Poster/SK∞.jpg,1,0,1,1,0,0,0,0,0,0,0,0,0,0,1,0,0,0
Poster/Tensei_Shitara_Slime_Datta_Ken_2nd_Season.jpg,1,1,1,0,0,1,0,0,0,0,0,0,0,0,0,0,0,0
Poster/BORUTO:_NARUTO_NEXT_GENERATIONS.jpg,1,1,0,0,0,0,0,0,0,0,0,0,0,0,0,0,0,0
Poster/No_Game_No_Life_Zero.jpg,1,1,0,1,0,1,0,0,0,0,0,0,1,0,0,0,0,0
Poster/No_Game_No_Life.jpg,0,1,1,0,1,1,0,0,0,0,0,0,0,0,0,0,0,0
Poster/Kono_Subarashii_Sekai_ni_Shukufuku_wo!.jpg,0,1,1,0,0,1,0,0,0,0,0,0,0,0,0,0,0,0
Poster/Sen_to_Chihiro_no_Kamikakushi.jpg,0,1,0,1,0,1,0,0,0,0,0,0,1,0,0,0,1,0
Poster/Kono_Subarashii_Sekai_ni_Shukufuku_wo!_2.jpg,0,1,1,0,0,1,0,0,0,0,0,0,0,0,0,0,0,0
Poster/Made_in_Abyss.jpg,0,1,0,1,0,1,1,0,0,0,1,0,0,1,0,0,0,0
Poster/Howl_no_Ugoku_Shiro.jpg,0,1,0,1,0,1,0,0,0,0,0,0,1,0,0,0,0,0
Poster/Mushoku_Tensei:_Isekai_Ittara_Honki_Dasu.jpg,0,1,0,1,1,1,0,0,0,0,0,0,0,0,0,0,0,0
Poster/Fumetsu_no_Anata_e.jpg,0,1,0,1,0,1,0,0,0,0,0,1,0,0,0,0,1,0
Poster/Tonari_no_Totoro.jpg,0,1,0,0,0,1,0,0,0,0,0,0,0,0,0,1,1,0
Poster/Magi:_The_Labyrinth_of_Magic.jpg,1,1,0,0,0,1,0,0,0,0,0,0,0,0,0,0,0,0
Poster/Re:Zero_kara_Hajimeru_Isekai_Seikatsu_2nd_Season_Part_2.jpg,1,1,0,1,0,1,0,0,0,0,0,1,1,0,0,0,0,1
Poster/Overlord_II.jpg,1,1,0,0,0,1,0,0,0,0,0,0,0,0,0,0,0,0
Poster/Dragon_Ball_Z.jpg,1,1,1,0,0,0,0,0,0,0,0,0,0,0,0,0,0,0
Poster/Dungeon_ni_Deai_wo_Motomeru_no_wa_Machigatteiru_Darou_ka_II.jpg,1,1,1,0,0,1,0,0,0,0,0,0,1,0,0,0,0,0
Poster/Satsuriku_no_Tenshi.jpg,1,1,0,0,0,0,1,0,0,0,0,1,0,0,0,0,0,1
Poster/BLACK_LAGOON.jpg,1,1,0,1,0,0,0,0,0,0,0,0,0,0,0,0,0,1
Poster/Overlord_III.jpg,1,1,0,0,0,1,0,0,0,0,0,0,0,0,0,0,0,0
Poster/Kono_Subarashii_Sekai_ni_Shukufuku_wo!_Kurenai_Densetsu.jpg,1,1,1,0,0,1,0,0,0,0,0,0,0,0,0,0,1,0
Poster/Akatsuki_no_Yona.jpg,1,1,1,1,0,1,0,0,0,0,0,0,1,0,0,0,0,0
Poster/Baccano!.jpg,1,1,0,0,0,0,0,0,0,0,1,0,0,0,0,0,1,0
Poster/Nanatsu_no_Taizai:_Kamigami_no_Gekirin.jpg,1,1,1,0,1,1,0,0,0,0,0,0,0,0,0,0,1,0
Poster/Kimetsu_no_Yaiba:_Mugen_Ressha_hen_(TV).jpg,1,1,0,1,0,1,0,0,0,0,0,0,0,0,0,0,1,0
Poster/Sword_Art_Online:_Alicization___War_of_Underworld.jpg,1,1,0,0,0,1,0,0,0,0,0,0,0,0,0,0,0,0
Poster/Dragon_Ball.jpg,1,1,1,0,0,1,0,0,0,0,0,0,0,0,0,0,0,0
Poster/AKIRA.jpg,1,1,0,0,0,0,1,0,0,0,0,1,0,1,0,0,1,0
Poster/Sword_Art_Online:_Ordinal_Scale.jpg,1,1,0,0,0,1,0,0,0,0,0,0,1,1,0,0,0,0
Poster/Dragon_Ball_Super.jpg,1,1,1,0,0,0,0,0,0,0,0,0,0,0,0,0,0,0
Poster/FAIRY_TAIL_(2014).jpg,1,1,1,0,0,1,0,0,0,0,0,0,0,0,0,0,0,0
Poster/Ookami_to_Koushinryou.jpg,0,1,0,0,0,1,0,0,0,0,0,0,1,0,0,0,0,0
Poster/Mushishi.jpg,0,1,0,0,0,1,0,0,0,0,1,1,0,0,0,1,1,0
Poster/Toki_wo_Kakeru_Shoujo.jpg,0,1,0,1,0,0,0,0,0,0,1,0,1,1,0,0,0,0
"Poster/Gate:_Jieitai_Kanochi_nite,_Kaku_Tatakaeri.jpg",1,1,0,0,0,1,0,0,0,0,0,0,0,0,0,0,0,0
Poster/Tensei_Shitara_Slime_Datta_Ken_2nd_Season_Part_2.jpg,1,1,1,0,0,1,0,0,0,0,0,0,0,0,0,0,0,0
Poster/Magi:_The_Kingdom_of_Magic.jpg,1,1,0,0,0,1,0,0,0,0,0,0,0,0,0,0,0,0
Poster/Sword_Art_Online:_Alicization___War_of_Underworld_Part_2.jpg,1,1,0,0,0,1,0,0,0,0,0,0,0,0,0,0,0,0
Poster/Little_Witch_Academia_(TV).jpg,0,1,1,0,0,1,0,0,0,0,0,0,0,0,0,0,0,0
Poster/Sora_yori_mo_Tooi_Basho.jpg,0,1,1,1,0,0,0,0,0,0,0,0,0,0,0,0,0,0
Poster/Nanatsu_no_Taizai:_Seisen_no_Shirushi.jpg,1,1,1,0,1,1,0,0,0,0,0,0,0,0,0,0,1,0
Poster/Hai_to_Gensou_no_Grimgar.jpg,1,1,0,1,0,1,0,0,0,0,0,0,0,0,0,0,0,0
Poster/Shinchou_Yuusha:_Kono_Yuusha_ga_Ore_TUEEE_Kuse_ni_Shinchou_Sugiru.jpg,1,1,1,0,0,1,0,0,0,0,0,0,0,0,0,0,0,0
Poster/InuYasha.jpg,1,1,1,0,0,1,0,0,0,0,0,0,1,0,0,0,0,0
Poster/Dungeon_ni_Deai_wo_Motomeru_no_wa_Machigatteiru_Darou_ka_III.jpg,1,1,1,0,0,1,0,0,0,0,0,0,1,0,0,0,0,0
Poster/Arifureta_Shokugyou_de_Sekai_Saikyou.jpg,1,1,0,0,0,1,0,0,0,0,0,1,0,0,0,0,0,0
Poster/Zero_no_Tsukaima.jpg,1,1,1,0,1,1,0,0,0,0,0,0,1,0,0,0,0,0
Poster/Mushoku_Tensei:_Isekai_Ittara_Honki_Dasu_Part_2.jpg,0,1,0,1,1,1,0,0,0,0,0,0,0,0,0,0,0,0
Poster/Majo_no_Takkyuubin.jpg,0,1,1,1,0,1,0,0,0,0,0,0,0,0,0,1,0,0
Poster/Gake_no_Ue_no_Ponyo.jpg,0,1,0,0,0,1,0,0,0,0,0,0,0,0,0,0,0,0
Poster/Yuu☆Yuu☆Hakusho.jpg,1,1,1,0,0,0,0,0,0,0,0,0,0,0,0,0,1,0
Poster/Katanagatari.jpg,1,1,0,0,0,0,0,0,0,0,0,0,1,0,0,0,0,0
Poster/Dorohedoro.jpg,1,1,1,0,0,1,1,0,0,0,1,0,0,0,0,0,1,0
Poster/Trigun.jpg,1,1,1,1,0,0,0,0,0,0,0,0,0,1,0,0,0,0
Poster/Haikyuu!!.jpg,0,0,1,1,0,0,0,0,0,0,0,0,0,0,1,0,0,0
Poster/Toradora!.jpg,0,0,1,1,0,0,0,0,0,0,0,0,1,0,0,1,0,0
Poster/Seishun_Buta_Yarou_wa_Bunny_Girl_Senpai_no_Yume_wo_Minai.jpg,0,0,1,1,0,0,0,0,0,0,1,1,1,0,0,0,1,0
Poster/Shokugeki_no_Souma.jpg,0,0,1,0,1,0,0,0,0,0,0,0,0,0,0,0,0,0
Poster/Haikyuu!!_2nd_Season.jpg,0,0,1,1,0,0,0,0,0,0,0,0,0,0,1,0,0,0
Poster/Charlotte.jpg,0,0,1,1,0,0,0,0,0,0,0,0,1,1,0,0,1,0
Poster/Hataraku_Maou_sama!.jpg,0,0,1,0,0,1,0,0,0,0,0,0,1,0,0,1,0,0
Poster/Kaguya_sama_wa_Kokurasetai?:_Tensaitachi_no_Renai_Zunousen.jpg,0,0,1,0,0,0,0,0,0,0,0,1,1,0,0,1,0,0
Poster/Horimiya.jpg,0,0,1,0,0,0,0,0,0,0,0,0,1,0,0,1,0,0
Poster/Haikyuu!!:_Karasuno_Koukou_VS_Shiratorizawa_Gakuen_Koukou.jpg,0,0,1,1,0,0,0,0,0,0,0,0,0,0,1,0,0,0
Poster/Yahari_Ore_no_Seishun_Love_Come_wa_Machigatteiru..jpg,0,0,1,1,0,0,0,0,0,0,0,0,1,0,0,1,0,0
Poster/Bakemonogatari.jpg,0,0,1,1,0,0,0,0,0,0,1,1,1,0,0,0,1,0
Poster/Chuunibyou_demo_Koi_ga_Shitai!.jpg,0,0,1,1,0,0,0,0,0,0,0,0,1,0,0,1,0,0
Poster/Kobayashi_san_Chi_no_Maidragon.jpg,0,0,1,0,0,1,0,0,0,0,0,0,0,0,0,1,0,0
Poster/Saiki_Kusuo_no_Ψ_nan.jpg,0,0,1,0,0,0,0,0,0,0,0,0,0,0,0,1,1,0
Poster/Wotaku_ni_Koi_wa_Muzukashii.jpg,0,0,1,0,0,0,0,0,0,0,0,0,1,0,0,1,0,0
Poster/Haikyuu!!_TO_THE_TOP.jpg,0,0,1,1,0,0,0,0,0,0,0,0,0,0,1,0,0,0
Poster/Kaichou_wa_Maid_sama!.jpg,0,0,1,1,0,0,0,0,0,0,0,0,1,0,0,0,0,0
Poster/Sakurasou_no_Pet_na_Kanojo.jpg,0,0,1,1,0,0,0,0,0,0,0,0,1,0,0,1,0,0
Poster/Nisekoi.jpg,0,0,1,0,0,0,0,0,0,0,0,0,1,0,0,0,0,0
Poster/K_ON!.jpg,0,0,1,0,0,0,0,0,0,1,0,0,0,0,0,1,0,0
"Poster/Kanojo,_Okarishimasu.jpg",0,0,1,1,0,0,0,0,0,0,0,0,1,0,0,0,0,0
Poster/Shokugeki_no_Souma:_Ni_no_Sara.jpg,0,0,1,0,1,0,0,0,0,0,0,0,0,0,0,0,0,0
Poster/Fruits_Basket:_1st_Season.jpg,0,0,1,1,0,0,0,0,0,0,0,0,1,0,0,1,1,0
Poster/Kuroko_no_Basket.jpg,0,0,1,0,0,0,0,0,0,0,0,0,0,0,1,0,0,0
Poster/Yahari_Ore_no_Seishun_Love_Come_wa_Machigatteiru._Zoku.jpg,0,0,1,1,0,0,0,0,0,0,0,0,1,0,0,1,0,0
Poster/5_Toubun_no_Hanayome.jpg,0,0,1,1,0,0,0,0,0,0,0,0,1,0,0,1,0,0
Poster/Plastic_Memories.jpg,0,0,1,1,0,0,0,0,0,0,0,0,1,1,0,1,0,0
Poster/Tonari_no_Kaibutsu_kun.jpg,0,0,1,0,0,0,0,0,0,0,0,0,1,0,0,1,0,0
Poster/Yuri!!!_on_ICE.jpg,0,0,1,1,0,0,0,0,0,0,0,0,0,0,1,0,0,0
Poster/Haikyuu!!_TO_THE_TOP_2.jpg,0,0,1,1,0,0,0,0,0,0,0,0,0,0,1,0,0,0
Poster/Gekkan_Shoujo_Nozaki_kun.jpg,0,0,1,0,0,0,0,0,0,0,0,0,1,0,0,1,0,0
Poster/Golden_Time.jpg,0,0,1,1,0,0,0,0,0,0,0,0,1,0,0,0,0,0
Poster/ReLIFE.jpg,0,0,1,1,0,0,0,0,0,0,0,0,1,0,0,1,0,0
Poster/Shokugeki_no_Souma:_San_no_Sara.jpg,0,0,1,0,1,0,0,0,0,0,0,0,0,0,0,0,0,0
Poster/Ao_Haru_Ride.jpg,0,0,1,1,0,0,0,0,0,0,0,0,1,0,0,1,0,0
"Poster/Ijiranaide,_Nagatoro_san.jpg",0,0,1,0,0,0,0,0,0,0,0,0,1,0,0,1,0,0
Poster/Hataraku_Saibou.jpg,1,0,1,0,0,0,0,0,0,0,0,0,0,1,0,0,0,0
Poster/Jibaku_Shounen_Hanako_kun.jpg,1,0,1,1,0,0,0,0,0,0,1,0,0,0,0,0,1,0
Poster/Nichijou.jpg,0,0,1,0,0,0,0,0,0,0,0,0,0,0,0,1,0,0
Poster/Date_A_Live.jpg,1,0,1,0,1,1,0,0,1,0,0,0,1,1,0,0,0,0
Poster/Boku_no_Hero_Academia_THE_MOVIE:_Futari_no_Hero.jpg,1,0,1,1,0,0,0,0,0,0,0,0,0,1,0,0,0,0
Poster/Kekkai_Sensen.jpg,1,0,1,0,0,0,0,0,0,0,0,0,0,0,0,0,1,0
Poster/Bungou_Stray_Dogs_2.jpg,1,0,1,0,0,0,0,0,0,0,1,0,0,0,0,0,1,0
Poster/Kangoku_Gakuen.jpg,0,0,1,0,1,0,0,0,0,0,0,0,0,0,0,0,0,0
Poster/Free!.jpg,0,0,1,1,0,0,0,0,0,0,0,0,0,0,1,1,0,0
Poster/Suzumiya_Haruhi_no_Yuuutsu.jpg,0,0,1,0,0,0,0,0,0,0,1,0,0,1,0,1,1,0
Poster/Nisemonogatari.jpg,0,0,1,1,1,0,0,0,0,0,1,1,0,0,0,0,1,0
Poster/Masamune_kun_no_Revenge.jpg,0,0,1,0,0,0,0,0,0,0,0,0,1,0,0,1,0,0
Poster/Eromanga_Sensei.jpg,0,0,1,1,1,0,0,0,0,0,0,0,1,0,0,1,0,0
Poster/Blend_S.jpg,0,0,1,0,0,0,0,0,0,0,0,0,0,0,0,1,0,0
Poster/Tonikaku_Kawaii.jpg,0,0,1,0,0,0,0,0,0,0,0,0,1,0,0,1,0,0
Poster/Yakusoku_no_Neverland.jpg,0,0,0,1,0,1,1,0,0,0,1,1,0,0,0,0,0,1
Poster/Kimi_no_Na_wa..jpg,0,0,0,1,0,0,0,0,0,0,0,0,1,0,0,0,1,0
Poster/Koe_no_Katachi.jpg,0,0,0,1,0,0,0,0,0,0,0,0,1,0,0,1,0,0
Poster/Shigatsu_wa_Kimi_no_Uso.jpg,0,0,0,1,0,0,0,0,0,1,0,0,1,0,0,1,0,0
Poster/Boku_dake_ga_Inai_Machi.jpg,0,0,0,1,0,0,0,0,0,0,1,1,0,0,0,0,1,1
Poster/Steins;Gate.jpg,0,0,0,1,0,0,0,0,0,0,0,1,0,1,0,0,0,1
Poster/Violet_Evergarden.jpg,0,0,0,1,0,1,0,0,0,0,0,0,0,0,0,1,0,0
Poster/Death_Parade.jpg,0,0,0,1,0,0,0,0,0,0,1,1,0,0,0,0,1,1
Poster/Kakegurui.jpg,0,0,0,1,0,0,0,0,0,0,1,1,0,0,0,0,0,0
Poster/Ano_Hi_Mita_Hana_no_Namae_wo_Bokutachi_wa_Mada_Shiranai..jpg,0,0,0,1,0,0,0,0,0,0,0,0,1,0,0,1,1,0
Poster/Youkoso_Jitsuryoku_Shijou_Shugi_no_Kyoushitsu_e.jpg,0,0,0,1,0,0,0,0,0,0,0,1,0,0,0,0,0,0
Poster/Tenki_no_Ko.jpg,0,0,0,1,0,0,0,0,0,0,0,0,1,0,0,1,1,0
Poster/Kimi_no_Suizou_wo_Tabetai.jpg,0,0,0,1,0,0,0,0,0,0,0,0,1,0,0,1,0,0
Poster/Zankyou_no_Terror.jpg,0,0,0,1,0,0,0,0,0,0,1,1,0,0,0,0,0,1
Poster/BEASTARS.jpg,0,0,0,1,0,0,0,0,0,0,1,1,1,0,0,1,0,0
Poster/Kakegurui_××.jpg,0,0,0,1,0,0,0,0,0,0,1,1,0,0,0,0,0,0
Poster/Byousoku_5_Centimeter.jpg,0,0,0,1,0,0,0,0,0,0,0,0,1,0,0,1,0,0
Poster/Kotonoha_no_Niwa.jpg,0,0,0,1,0,0,0,0,0,0,0,1,1,0,0,1,0,0
Poster/orange.jpg,0,0,0,1,0,0,0,0,0,0,0,0,1,0,0,0,1,0
Poster/Rakudai_Kishi_no_Cavalry.jpg,1,0,0,0,1,1,0,0,0,0,0,0,1,0,0,0,0,0
Poster/Domestic_na_Kanojo.jpg,0,0,0,1,1,0,0,0,0,0,0,0,1,0,0,0,0,0
Poster/Shimoneta_to_Iu_Gainen_ga_Sonzai_Shinai_Taikutsu_na_Sekai.jpg,0,0,1,0,1,0,0,0,0,0,0,0,0,0,0,0,0,0
Poster/High_School_DxD_New.jpg,1,0,1,0,1,1,0,0,0,0,0,0,1,0,0,0,0,0
Poster/Kuzu_no_Honkai.jpg,0,0,0,1,1,0,0,0,0,0,0,1,1,0,0,0,0,0
Poster/Trinity_Seven.jpg,1,0,1,0,1,1,0,0,0,0,0,0,1,0,0,0,0,0
Poster/Isekai_Maou_to_Shoukan_Shoujo_no_Dorei_Majutsu.jpg,0,0,1,0,1,1,0,0,0,0,0,0,0,0,0,0,0,0
Poster/Shokugeki_no_Souma:_San_no_Sara___Tootsuki_Ressha_hen.jpg,0,0,1,0,1,0,0,0,0,0,0,0,0,0,0,0,0,0
Poster/Boku_wa_Tomodachi_ga_Sukunai.jpg,0,0,1,0,1,0,0,0,0,0,0,0,1,0,0,1,0,0
Poster/Shokugeki_no_Souma:_Shin_no_Sara.jpg,0,0,1,0,1,0,0,0,0,0,0,0,0,0,0,0,0,0
Poster/High_School_DxD_BorN.jpg,1,0,1,0,1,1,0,0,0,0,0,0,1,0,0,0,0,0
Poster/Monster_Musume_no_Iru_Nichijou.jpg,0,0,1,0,1,1,0,0,0,0,0,0,1,0,0,0,0,0
Poster/Kizumonogatari_I:_Tekketsu_hen.jpg,1,0,0,1,1,0,0,0,0,0,1,1,0,0,0,0,1,0
Poster/Gakusen_Toshi_Asterisk.jpg,1,0,1,0,1,1,0,0,0,0,0,0,1,1,0,0,0,0
Poster/Shinmai_Maou_no_Testament.jpg,1,0,0,0,1,1,0,0,0,0,0,0,1,0,0,0,0,0
Poster/Blood_Lad.jpg,0,0,1,0,1,0,0,0,0,0,0,0,0,0,0,0,1,0
Poster/Grisaia_no_Kajitsu.jpg,0,0,0,1,1,0,0,0,0,0,0,1,1,0,0,0,0,0
Poster/Kizumonogatari_III:_Reiketsu_hen.jpg,1,0,0,1,1,0,0,0,0,0,1,1,0,0,0,0,1,0
Poster/Kizumonogatari_II:_Nekketsu_hen.jpg,1,0,0,1,1,0,0,0,0,0,1,1,0,0,0,0,1,0
Poster/Date_A_Live_II.jpg,1,0,1,0,1,1,0,0,1,0,0,0,1,1,0,0,0,0
Poster/Shokugeki_no_Souma:_Gou_no_Sara.jpg,0,0,1,1,1,0,0,0,0,0,0,0,0,0,0,0,0,0
Poster/Musaigen_no_Phantom_World.jpg,1,0,1,0,1,0,0,0,0,0,0,0,0,0,0,1,1,0
Poster/Gleipnir.jpg,1,0,0,0,1,0,0,0,0,0,1,0,0,0,0,0,1,0
Poster/Strike_the_Blood.jpg,1,0,0,0,1,1,0,0,0,0,0,0,0,0,0,0,0,0
Poster/To_LOVE_Ru.jpg,0,0,1,0,1,0,0,0,0,0,0,0,1,1,0,0,0,0
Poster/IS:_Infinite_Stratos.jpg,1,0,1,0,1,0,0,0,1,0,0,0,1,1,0,0,0,0
Poster/Tsukimonogatari.jpg,0,0,1,0,1,0,0,0,0,0,1,0,0,0,0,0,1,0
Poster/Sankarea.jpg,0,0,1,0,1,0,1,0,0,0,0,0,1,0,0,0,1,0
Poster/Ore_wo_Suki_nano_wa_Omae_dake_ka_yo.jpg,0,0,1,1,1,0,0,0,0,0,0,0,1,0,0,1,0,0
Poster/Netoge_no_Yome_wa_Onnanoko_ja_Nai_to_Omotta?.jpg,0,0,1,0,1,0,0,0,0,0,0,0,1,0,0,0,0,0
Poster/Kore_wa_Zombie_desu_ka?.jpg,1,0,1,0,1,0,0,0,0,0,0,0,0,0,0,0,1,0
Poster/Hajimete_no_Gal.jpg,0,0,1,0,1,0,0,0,0,0,0,0,1,0,0,1,0,0
Poster/High_School_DxD_HERO.jpg,1,0,1,0,1,1,0,0,0,0,0,0,1,0,0,0,0,0
Poster/Bokutachi_wa_Benkyou_ga_Dekinai.jpg,0,0,1,0,1,0,0,0,0,0,0,0,1,0,0,1,0,0
Poster/Nanatsu_no_Taizai:_Fundo_no_Shinpan.jpg,1,1,1,0,1,1,0,0,0,0,0,0,0,0,0,0,1,0
Poster/Absolute_Duo.jpg,1,0,0,0,1,0,0,0,0,0,0,0,1,0,0,0,1,0
Poster/Uzaki_chan_wa_Asobitai!.jpg,0,0,1,0,1,0,0,0,0,0,0,0,1,0,0,1,0,0
Poster/Rosario_to_Vampire.jpg,0,0,1,0,1,1,0,0,0,0,0,0,1,0,0,0,0,0
Poster/Dumbbell_Nan_Kilo_Moteru?.jpg,0,0,1,0,1,0,0,0,0,0,0,0,0,0,1,1,0,0
Poster/Kono_Subarashii_Sekai_ni_Shukufuku_wo!:_Kono_Subarashii_Choker_ni_Shufuku_wo!.jpg,0,0,1,0,1,1,0,0,0,0,0,0,0,0,0,0,0,0
Poster/Boku_wa_Tomodachi_ga_Sukunai_Next.jpg,0,0,1,0,1,0,0,0,0,0,0,0,1,0,0,1,0,0
Poster/kiss×sis_(TV).jpg,0,0,1,0,1,0,0,0,0,0,0,0,1,0,0,1,0,0
Poster/Yosuga_no_Sora.jpg,0,0,0,1,1,0,0,0,0,0,0,0,1,0,0,0,0,0
Poster/Keijo!!!!!!!!.jpg,0,0,1,0,1,0,0,0,0,0,0,0,0,0,1,0,0,0
Poster/Mayo_Chiki!.jpg,0,0,1,0,1,0,0,0,0,0,0,0,1,0,0,0,0,0
Poster/Gakusen_Toshi_Asterisk_2.jpg,1,0,0,0,1,1,0,0,0,0,0,0,0,1,0,0,0,0
Poster/Isekai_Maou_to_Shoukan_Shoujo_no_Dorei_Majutsu_Ω.jpg,0,0,1,0,1,1,0,0,0,0,0,0,0,0,0,0,0,0
Poster/Imouto_sae_Ireba_Ii..jpg,0,0,1,0,1,0,0,0,0,0,0,0,1,0,0,1,0,0
"Poster/Ore_no_Nounai_Sentakushi_ga,_Gakuen_Love_Comedy_wo_Zenryoku_de_Jama_Shiteiru.jpg",0,0,1,0,1,0,0,0,0,0,0,0,1,0,0,0,1,0
Poster/Plunderer.jpg,1,1,1,1,1,1,0,0,0,0,0,0,1,0,0,0,0,0
Poster/Sora_no_Otoshimono.jpg,0,0,1,0,1,0,0,0,0,0,0,0,1,1,0,1,1,0
Poster/Nande_Koko_ni_Sensei_ga!?.jpg,0,0,1,0,1,0,0,0,0,0,0,0,1,0,0,0,0,0
Poster/Date_A_Live_III.jpg,1,0,1,0,1,1,0,0,1,0,0,0,1,1,0,0,0,0
Poster/Ore_dake_Haireru_Kakushi_Dungeon.jpg,1,1,1,0,1,1,0,0,0,0,0,0,1,0,0,0,0,0
Poster/Ichiban_Ushiro_no_Daimaou.jpg,1,0,1,0,1,1,0,0,0,0,0,0,0,0,0,0,0,0
"Poster/Sentouin,_Hakenshimasu!.jpg",1,1,1,0,1,1,0,0,0,0,0,0,0,1,0,0,0,0
Poster/Panty_&_Stocking_with_Garterbelt.jpg,1,0,1,0,1,0,0,0,0,0,0,0,0,0,0,0,1,0
Poster/Zero_no_Tsukaima:_Futatsuki_no_Kishi.jpg,1,1,1,0,1,1,0,0,0,0,0,0,1,0,0,0,0,0
Poster/Busou_Shoujo_Machiavellianism.jpg,1,0,1,0,1,0,0,0,0,0,0,0,1,0,0,0,0,0
Poster/Renai_Boukun.jpg,0,0,1,0,1,0,0,0,0,0,0,0,1,0,0,0,1,0
Poster/Saijaku_Muhai_no_Bahamut.jpg,1,0,0,0,1,1,0,0,1,0,0,0,1,0,0,0,1,0
"Poster/Dakara_Boku_wa,_H_ga_Dekinai..jpg",0,0,1,0,1,0,0,0,0,0,0,0,1,0,0,0,1,0
Poster/Kawaikereba_Hentai_demo_Suki_ni_Natte_Kuremasu_ka?.jpg,0,0,1,0,1,0,0,0,0,0,1,0,1,0,0,0,0,0
Poster/IS:_Infinite_Stratos_2.jpg,1,0,1,0,1,0,0,0,1,0,0,0,1,1,0,0,0,0
Poster/Shinmai_Maou_no_Testament:_BURST.jpg,1,0,0,0,1,1,0,0,0,0,0,0,1,0,0,0,0,0
Poster/Chobits.jpg,0,0,1,1,1,0,0,0,0,0,0,0,1,1,0,0,0,0
Poster/Hagure_Yuusha_no_Estetica.jpg,1,0,0,0,1,1,0,0,0,0,0,0,0,0,0,0,0,0
Poster/Tsuujou_Kougeki_ga_Zentai_Kougeki_de_Ni_kai_Kougeki_no_Okaasan_wa_Suki_desu_ka?.jpg,1,1,1,0,1,1,0,0,0,0,0,0,0,0,0,0,0,0
Poster/GOLDEN_BOY:_Sasurai_no_Obenkyou_Yarou.jpg,0,1,1,0,1,0,0,0,0,0,0,0,0,0,0,0,0,0
Poster/Zero_no_Tsukaima:_Princesses_no_Rondo.jpg,1,1,1,0,1,1,0,0,0,0,0,0,1,0,0,0,0,0
Poster/Zero_no_Tsukaima_F.jpg,1,1,1,0,1,1,0,0,0,0,0,0,1,0,0,0,0,0
Poster/Seirei_Tsukai_no_Blade_Dance.jpg,1,0,1,0,1,1,0,0,0,0,0,0,1,0,0,0,1,0
Poster/Tejina_Senpai.jpg,0,0,1,0,1,0,0,0,0,0,0,0,0,0,0,1,0,0
Poster/To_LOVE_Ru_Darkness.jpg,0,0,1,0,1,0,0,0,0,0,0,0,1,1,0,0,0,0
Poster/Yuragi_sou_no_Yuuna_san.jpg,0,0,1,0,1,0,0,0,0,0,0,0,1,0,0,0,1,0
"Poster/Kimi_to_Boku_no_Saigo_no_Senjou,_Aruiwa_Sekai_ga_Hajimaru_Seisen.jpg",1,0,0,0,1,1,0,0,0,0,0,0,1,0,0,0,0,0
Poster/Midara_na_Ao_chan_wa_Benkyou_ga_Dekinai.jpg,0,0,1,0,1,0,0,0,0,0,0,0,1,0,0,0,0,0
Poster/Fate_kaleid_liner_Prisma☆Illya.jpg,1,0,1,0,1,1,0,1,0,0,0,0,0,0,0,0,0,0
Poster/Hundred.jpg,1,0,0,0,1,0,0,0,1,0,0,0,0,1,0,0,0,0
Poster/Bokutachi_wa_Benkyou_ga_Dekinai!.jpg,0,0,1,0,1,0,0,0,0,0,0,0,1,0,0,1,0,0
Poster/kiss×sis.jpg,0,0,1,0,1,0,0,0,0,0,0,0,1,0,0,0,0,0
Poster/Youjo_Senki.jpg,1,0,0,0,0,1,0,0,0,0,0,0,0,0,0,0,0,0
Poster/Mahoutsukai_no_Yome.jpg,0,0,0,1,0,1,0,0,0,0,0,0,1,0,0,1,1,0
Poster/Fate_stay_night:_Unlimited_Blade_Works_2nd_Season.jpg,1,0,0,1,0,1,0,0,0,0,0,0,0,0,0,0,1,0
Poster/Ookami_Kodomo_no_Ame_to_Yuki.jpg,0,0,0,1,0,1,0,0,0,0,0,0,1,0,0,1,0,0
Poster/Hotarubi_no_Mori_e.jpg,0,0,0,1,0,1,0,0,0,0,0,0,1,0,0,0,1,0
"Poster/Maou_Gakuin_no_Futekigousha:_Shijou_Saikyou_no_Maou_no_Shiso,_Tensei_shite_Shison_tachi_no_Gakkou_e_Kayou.jpg",1,0,1,0,0,1,0,0,0,0,0,0,0,0,0,0,0,0
Poster/Owari_no_Seraph:_Nagoya_Kessen_hen.jpg,1,0,0,1,0,1,0,0,0,0,0,0,0,0,0,0,1,0
Poster/Fate_stay_night.jpg,1,0,0,0,0,1,0,0,0,0,0,0,1,0,0,0,1,0
Poster/Koutetsujou_no_Kabaneri.jpg,1,0,0,1,0,1,1,0,0,0,0,0,0,0,0,0,1,0
Poster/K.jpg,1,0,0,1,0,1,0,0,0,0,1,0,0,0,0,0,1,0
Poster/Ao_no_Exorcist:_Kyoto_Fujouou_hen.jpg,1,0,0,0,0,1,0,0,0,0,0,0,0,0,0,0,1,0
Poster/Akagami_no_Shirayuki_hime.jpg,0,0,0,1,0,1,0,0,0,0,0,0,1,0,0,0,0,0
Poster/Amagi_Brilliant_Park.jpg,0,0,1,0,0,1,0,0,0,0,0,0,0,0,0,0,0,0
Poster/Rokudenashi_Majutsu_Koushi_to_Akashic_Records.jpg,1,0,1,0,0,1,0,0,0,0,0,0,0,0,0,0,0,0
Poster/Another.jpg,0,0,0,0,0,0,1,0,0,0,1,1,0,0,0,0,1,1
Poster/Danganronpa:_Kibou_no_Gakuen_to_Zetsubou_no_Koukousei___The_Animation.jpg,0,0,0,0,0,0,1,0,0,0,1,1,0,1,0,0,0,0
Poster/MONSTER.jpg,0,0,0,1,0,0,1,0,0,0,1,1,0,0,0,0,0,1
Poster/Tokyo_Ghoul:re_2.jpg,1,0,0,0,0,0,1,0,0,0,1,1,0,0,0,0,1,0
Poster/Shinsekai_yori.jpg,0,0,0,1,0,0,1,0,0,0,1,1,0,1,0,0,1,0
Poster/Higurashi_no_Naku_Koro_ni.jpg,0,0,0,0,0,0,1,0,0,0,1,1,0,0,0,0,1,1
Poster/Perfect_Blue.jpg,0,0,0,1,0,0,1,0,0,0,0,1,0,0,0,0,0,0
Poster/Hellsing_Ultimate.jpg,1,0,0,0,0,0,1,0,0,0,0,0,0,0,0,0,1,0
Poster/Gakkou_Gurashi!.jpg,0,0,0,0,0,0,1,0,0,0,1,1,0,0,0,1,1,0
Poster/Ajin.jpg,1,0,0,0,0,0,1,0,0,0,1,0,0,0,0,0,1,0
Poster/Shiki.jpg,0,0,0,0,0,0,1,0,0,0,1,0,0,0,0,0,1,1
Poster/Kenpuu_Denki_Berserk.jpg,1,1,0,1,0,1,1,0,0,0,0,0,0,0,0,0,1,0
Poster/Hellsing.jpg,1,0,0,0,0,0,1,0,0,0,0,0,0,0,0,0,1,0
Poster/Made_in_Abyss:_Fukaki_Tamashii_no_Reimei.jpg,0,1,0,1,0,1,1,0,0,0,1,1,0,1,0,0,0,0
Poster/Chainsaw_Man.jpg,1,0,1,1,0,0,1,0,0,0,0,0,0,0,0,0,1,0
Poster/Kara_no_Kyoukai:_Fukan_Fuukei.jpg,1,0,0,0,0,0,1,0,0,0,1,0,0,0,0,0,1,1
Poster/Claymore.jpg,1,1,0,0,0,1,1,0,0,0,0,0,0,0,0,0,0,0
Poster/Mieruko_chan.jpg,0,0,1,0,0,0,1,0,0,0,0,0,0,0,0,1,1,0
Poster/Tenkuu_Shinpan.jpg,1,0,0,0,0,0,1,0,0,0,1,0,0,0,0,0,0,0
Poster/Munou_na_Nana.jpg,0,0,0,1,0,0,1,0,0,0,0,1,0,0,0,0,1,1
Poster/Happy_Sugar_Life.jpg,0,0,0,1,0,0,1,0,0,0,1,1,1,0,0,0,0,0
Poster/Danganronpa_3:_The_End_of_Kibougamine_Gakuen___Mirai_hen.jpg,1,0,0,0,0,0,1,0,0,0,1,0,0,1,0,0,0,1
Poster/Higurashi_no_Naku_Koro_ni_Kai.jpg,0,0,0,0,0,0,1,0,0,0,1,1,0,0,0,0,1,1
Poster/Blood_C.jpg,1,0,0,0,0,0,1,0,0,0,1,0,0,0,0,0,1,0
Poster/Corpse_Party:_Tortured_Souls___Bougyakusareta_Tamashii_no_Jukyou.jpg,0,0,0,0,0,0,1,0,0,0,1,0,0,0,0,0,1,0
Poster/Tasogare_Otome_x_Amnesia.jpg,0,0,0,0,0,0,1,0,0,0,1,0,1,0,0,0,1,0
Poster/Higurashi_no_Naku_Koro_ni_Gou.jpg,0,0,0,1,0,0,1,0,0,0,1,1,0,0,0,0,1,1
Poster/Devils'_Line.jpg,1,0,0,1,0,0,1,0,0,0,0,0,1,0,0,0,1,0
Poster/Mononoke.jpg,0,0,0,0,0,1,1,0,0,0,1,1,0,0,0,0,1,0
Poster/Boogiepop_wa_Warawanai.jpg,0,0,0,0,0,0,1,0,0,0,1,1,0,0,0,0,0,0
Poster/Jigoku_Shoujo.jpg,0,0,0,1,0,0,1,0,0,0,1,1,0,0,0,0,1,0
Poster/Diabolik_Lovers.jpg,0,0,0,1,0,0,1,0,0,0,0,0,1,0,0,0,1,0
Poster/Shadows_House.jpg,0,0,0,0,0,1,1,0,0,0,1,0,0,0,0,1,1,0
Poster/Mahou_Shoujo_Site.jpg,0,0,0,1,0,0,1,1,0,0,0,1,0,0,0,0,1,0
Poster/Berserk.jpg,1,1,0,1,0,1,1,0,0,0,0,0,0,0,0,0,1,0
Poster/Ousama_Game_The_Animation.jpg,0,0,0,1,0,0,1,0,0,0,1,0,0,0,0,0,1,0
Poster/Ajin_2.jpg,1,0,0,0,0,0,1,0,0,0,1,0,0,0,0,0,1,0
Poster/xxxHOLiC.jpg,0,0,1,1,0,0,1,0,0,0,1,1,0,0,0,0,1,0
Poster/Blood+.jpg,1,0,0,1,0,0,1,0,0,0,1,0,0,0,0,0,1,0
Poster/Tokyo_Ghoul:_JACK.jpg,0,0,0,1,0,0,1,0,0,0,0,0,0,0,0,0,1,0
Poster/Gakkou_no_Kaidan.jpg,0,0,0,0,0,0,1,0,0,0,1,0,0,0,0,0,1,0
Poster/Mayoiga.jpg,0,0,1,1,0,0,1,0,0,0,1,0,0,0,0,0,1,0
Poster/Gantz.jpg,1,0,0,1,1,0,1,0,0,0,0,1,0,1,0,0,1,0
Poster/Tokyo_Ghoul:_PINTO.jpg,0,0,0,1,0,0,1,0,0,0,0,0,0,0,0,0,1,0
Poster/Pupa.jpg,0,0,0,1,0,1,1,0,0,0,0,1,0,0,0,0,0,0
Poster/Mahou_Shoujo_Ikusei_Keikaku.jpg,1,0,0,0,0,1,1,1,0,0,0,1,0,0,0,0,0,1
Poster/Another:_The_Other___Inga.jpg,0,0,0,0,0,0,1,0,0,0,1,0,0,0,0,0,0,1
Poster/Terra_Formars.jpg,1,0,0,0,0,0,1,0,0,0,0,0,0,1,0,0,0,0
Poster/Berserk:_Ougon_Jidaihen_III___Kourin.jpg,1,1,0,1,0,1,1,0,0,0,0,0,0,0,0,0,1,0
Poster/Killing_Bites.jpg,1,0,0,0,1,0,1,0,0,0,0,0,0,1,0,0,0,0
Poster/Itou_Junji:_Collection.jpg,0,0,0,1,0,0,1,0,0,0,1,1,0,0,0,0,1,0
Poster/Umineko_no_Naku_Koro_ni.jpg,0,0,0,1,0,0,1,0,0,0,1,1,0,0,0,0,1,0
Poster/Berserk:_Ougon_Jidaihen_II___Doldrey_Kouryaku.jpg,1,1,0,1,0,1,1,0,0,0,0,0,0,0,0,0,1,0
Poster/Satsuriku_no_Tenshi_(ONA).jpg,0,1,0,0,0,0,1,0,0,0,0,1,0,0,0,0,0,1
Poster/Koutetsujou_no_Kabaneri:_Unato_Kessen.jpg,1,0,0,1,0,1,1,0,0,0,0,0,0,0,0,0,1,0
Poster/7SEEDS.jpg,1,1,0,1,0,0,1,0,0,0,1,1,1,1,0,0,0,0
Poster/Ghost_Hunt.jpg,0,0,1,0,0,0,1,0,0,0,1,0,0,0,0,0,1,0
Poster/Denpa_Teki_na_Kanojo.jpg,0,0,0,0,0,0,1,0,0,0,1,0,0,0,0,0,0,1
Poster/Boogiepop_wa_Warawanai:_Boogiepop_Phantom.jpg,0,0,0,1,0,0,1,0,0,0,1,1,0,0,0,0,1,0
"Poster/Elfen_Lied:_Tooriame_nite___Arui_wa,_Shoujo_wa_Ikani_Shite_Sono_Shinjou_ni_Itatta_ka?.jpg",1,0,0,1,1,0,1,0,0,0,0,1,1,0,0,0,1,0
Poster/Berserk_2.jpg,1,1,0,1,0,1,1,0,0,0,0,0,0,0,0,0,1,0
Poster/ChäoS;Child.jpg,0,0,0,0,0,0,1,0,0,0,1,1,0,1,0,0,1,0
Poster/Mnemosyne:_Mnemosyne_no_Musume_tachi.jpg,1,0,0,0,1,0,1,0,0,0,0,0,0,1,0,0,1,0
Poster/Shingetsutan_Tsukihime.jpg,1,0,0,0,0,0,1,0,0,0,1,0,1,0,0,0,1,0
Poster/Shinreigari:_Ghost_Hound.jpg,0,0,0,0,0,0,1,0,0,0,1,1,0,1,0,0,1,0
Poster/Corpse_Party:_Missing_Footage.jpg,0,0,0,0,0,0,1,0,0,0,0,0,0,0,0,0,0,0
Poster/Memories.jpg,0,1,1,1,0,0,1,0,0,0,1,1,0,1,0,0,0,0
"Poster/Diabolik_Lovers_More,Blood.jpg",0,0,0,1,0,0,1,0,0,0,0,0,1,0,0,0,1,0
Poster/JoJo_no_Kimyou_na_Bouken.jpg,1,1,0,1,0,0,1,0,0,0,0,0,0,0,0,0,1,0
Poster/Vampire_Hunter_D_(2000).jpg,1,1,0,1,0,1,1,0,0,0,0,0,1,1,0,0,0,0
Poster/Higurashi_no_Naku_Koro_ni_Sotsu.jpg,0,0,0,0,0,0,1,0,0,0,1,1,0,0,0,0,1,1
Poster/Yami_Shibai.jpg,0,0,0,0,0,0,1,0,0,0,0,0,0,0,0,0,1,0
Poster/BLAME!.jpg,1,0,0,1,0,0,1,0,0,0,0,1,0,1,0,0,0,0
Poster/Deadman_Wonderland:_Akai_Knife_Tsukai.jpg,1,0,0,0,0,0,1,0,0,0,0,0,0,1,0,0,0,0
Poster/Jigoku_Shoujo:_Futakomori.jpg,0,0,0,0,0,0,1,0,0,0,0,1,0,0,0,0,1,0
Poster/Juubee_Ninpuuchou.jpg,1,1,0,0,0,1,1,0,0,0,0,0,1,0,0,0,0,0
Poster/Sankarea_OVA.jpg,0,0,1,0,1,0,1,0,0,0,0,0,1,0,0,0,1,0
Poster/Mahou_Shoujo_Tokushusen_Asuka.jpg,1,0,0,1,1,0,1,1,0,0,0,0,0,0,0,0,0,0
Poster/Uzumaki.jpg,0,0,0,1,0,0,1,0,0,0,1,0,0,0,0,0,1,0
Poster/Gantz_2nd_Stage.jpg,1,0,0,1,1,0,1,0,0,0,0,1,0,1,0,0,1,0
Poster/Shikabane_Hime:_Aka.jpg,1,0,0,1,0,0,1,0,0,0,0,0,0,0,0,0,1,0
Poster/Trinity_Blood.jpg,1,0,0,1,0,0,1,0,0,0,0,0,0,1,0,0,1,0
Poster/Shin_Seiki_Evangelion:_THE_END_OF_EVANGELION.jpg,1,0,0,1,0,0,0,0,1,0,0,1,0,1,0,0,0,0
Poster/FLCL.jpg,1,0,1,0,0,0,0,0,1,0,0,0,0,1,0,0,0,0
Poster/86:_Eighty_Six.jpg,1,0,0,1,0,0,0,0,1,0,0,0,0,1,0,0,0,0
Poster/Evangelion_Shin_Movie:_Jo.jpg,1,0,0,1,0,0,0,0,1,0,0,0,0,1,0,0,0,0
Poster/Aldnoah.Zero.jpg,1,0,0,0,0,0,0,0,1,0,0,0,0,1,0,0,0,0
Poster/Evangelion_Shin_Movie:_Ha.jpg,1,0,0,1,0,0,0,0,1,0,0,0,0,1,0,0,0,0
Poster/SSSS.GRIDMAN.jpg,1,0,0,0,0,0,0,0,1,0,0,0,0,1,0,0,0,0
Poster/Evangelion_Shin_Movie:_Kyuu.jpg,1,0,0,1,0,0,0,0,1,0,0,1,0,1,0,0,0,0
Poster/Promare.jpg,1,0,0,0,0,0,0,0,1,0,0,0,0,1,0,0,0,0
Poster/Code_Geass:_Fukkatsu_no_Lelouch.jpg,1,0,0,1,0,0,0,0,1,0,0,1,0,1,0,0,1,0
Poster/Koukyoushihen_Eureka_Seven.jpg,0,1,0,1,0,0,0,0,1,0,0,0,1,1,0,0,0,0
Poster/Full_Metal_Panic!.jpg,1,0,1,0,0,0,0,0,1,0,0,0,0,1,0,0,0,0
Poster/Shin_Evangelion_Movie:||.jpg,1,0,0,1,0,0,0,0,1,0,0,0,0,1,0,0,0,0
Poster/Suisei_no_Gargantia.jpg,1,1,0,0,0,0,0,0,1,0,0,0,0,1,0,0,0,0
Poster/86:_Eighty_Six_Part_2.jpg,1,0,0,1,0,0,0,0,1,0,0,0,0,1,0,0,0,0
Poster/Aldnoah.Zero_2.jpg,1,0,0,0,0,0,0,0,1,0,0,0,0,1,0,0,0,0
Poster/Knight's_&_Magic.jpg,1,0,0,0,0,1,0,0,1,0,0,0,0,0,0,0,0,0
Poster/Kidou_Senshi_Gundam:_Tekketsu_no_Orphans.jpg,1,0,0,1,0,0,0,0,1,0,0,0,0,1,0,0,0,0
Poster/Shin_Seiki_Evangelion_Gekijouban:_Shi_to_Shinsei.jpg,0,0,0,1,0,0,0,0,1,0,0,1,0,1,0,0,0,0
Poster/Sidonia_no_Kishi.jpg,1,0,0,0,0,1,0,0,1,0,0,0,0,1,0,0,0,0
Poster/TIGER_&_BUNNY.jpg,1,0,1,0,0,0,0,0,1,0,1,0,0,0,0,0,0,0
Poster/FLCL_Progressive.jpg,1,0,1,0,0,0,0,0,1,0,0,0,0,1,0,0,0,0
Poster/Date_A_Live_Movie:_Mayuri_Judgement.jpg,1,0,1,0,1,1,0,0,1,0,0,0,1,0,0,0,0,0
Poster/Robotics;Notes.jpg,0,0,0,1,0,0,0,0,1,0,0,0,0,1,0,0,0,0
Poster/Cross_Ange:_Tenshi_to_Ryuu_no_Rondo.jpg,1,0,0,0,1,0,0,0,1,0,0,0,1,1,0,0,0,0
Poster/Bokurano.jpg,0,0,0,1,0,0,0,0,1,0,0,1,0,1,0,0,0,0
Poster/Tengen_Toppa_Gurren_Lagann:_Lagann_hen.jpg,1,0,0,0,0,0,0,0,1,0,0,0,0,1,0,0,0,0
Poster/Full_Metal_Panic!_The_Second_Raid.jpg,1,0,0,0,0,0,0,0,1,0,0,0,0,1,0,0,0,0
Poster/Top_wo_Nerae!_GunBuster.jpg,1,0,1,1,0,0,0,0,1,0,0,0,0,1,0,0,0,0
Poster/SSSS.DYNAZENON.jpg,1,0,0,0,0,0,0,0,1,0,0,0,0,1,0,0,0,0
Poster/Kakumeiki_Valvrave.jpg,1,0,0,0,0,0,0,0,1,0,0,0,0,0,0,0,0,0
Poster/Heavy_Object.jpg,1,0,1,0,0,0,0,0,1,0,0,0,0,1,0,0,0,0
Poster/Kidou_Senshi_Gundam_00.jpg,1,0,0,1,0,0,0,0,1,0,0,0,0,1,0,0,0,0
Poster/Tengen_Toppa_Gurren_Lagann:_Gurren_hen.jpg,1,0,1,0,0,0,0,0,1,0,0,0,0,0,0,0,0,0
Poster/Date_A_Live_IV.jpg,0,0,1,0,1,0,0,0,1,0,0,0,1,1,0,0,0,0
Poster/Code_Geass:_Boukoku_no_Akito_1___Yokuryuu_wa_Maiorita.jpg,1,0,0,0,0,0,0,0,1,0,0,0,0,1,0,0,0,0
Poster/Hoshi_no_Koe.jpg,0,0,0,1,0,0,0,0,1,0,0,0,1,1,0,0,0,0
Poster/Isekai_no_Seikishi_Monogatari.jpg,1,0,1,0,1,1,0,0,1,0,0,0,0,0,0,0,0,0
Poster/FLCL_Alternative.jpg,1,0,1,0,0,0,0,0,1,0,0,0,0,1,0,0,0,0
Poster/Kuromukuro.jpg,1,0,0,0,0,0,0,0,1,0,0,0,0,0,0,0,0,0
Poster/Kidou_Senshi_Gundam.jpg,0,0,0,1,0,0,0,0,1,0,0,0,0,1,0,0,0,0
Poster/Tenkuu_no_Escaflowne.jpg,0,1,0,0,0,1,0,0,1,0,0,0,1,0,0,0,0,0
Poster/Kidou_Senshi_Gundam:_Tekketsu_no_Orphans_2.jpg,1,0,0,1,0,0,0,0,1,0,0,0,0,1,0,0,0,0
Poster/Sakugan.jpg,0,1,0,0,0,0,0,0,1,0,0,0,0,1,0,0,0,0
Poster/Yasuke.jpg,1,0,0,0,0,1,0,0,1,0,0,0,0,1,0,0,0,0
Poster/IS:_Infinite_Stratos_Encore___Koi_ni_Kogareru_Sextet.jpg,1,0,1,0,0,0,0,0,1,0,0,0,0,1,0,0,0,0
Poster/Macross_Frontier.jpg,1,0,0,0,0,0,0,0,1,1,0,0,1,1,0,0,0,0
Poster/Code_Geass:_Boukoku_no_Akito_2___Hikisakareshi_Yokuryuu.jpg,1,0,0,0,0,0,0,0,1,0,0,0,0,1,0,0,0,0
Poster/Code_Geass:_Hangyaku_no_Lelouch_I___Koudou.jpg,1,0,0,0,0,0,0,0,1,0,0,0,0,1,0,0,1,1
Poster/Comet_Lucifer.jpg,1,1,0,0,0,1,0,0,1,0,0,0,0,0,0,0,0,0
Poster/Schwarzesmarken.jpg,1,0,0,0,0,0,0,0,1,0,0,0,0,1,0,0,0,0
Poster/Kidou_Senshi_Gundam_Seed.jpg,1,0,0,1,0,0,0,0,1,0,0,0,0,1,0,0,0,0
Poster/Shin_Kidou_Senki_Gundam_W.jpg,1,1,0,1,0,0,0,0,1,0,0,0,0,1,0,0,0,0
Poster/Choujikuu_Yousai_Macross.jpg,1,0,0,1,0,0,0,0,1,1,0,0,1,1,0,0,0,0
Poster/Rakuen_Tsuihou:_Expelled_From_Paradise.jpg,1,0,0,0,0,0,0,0,1,0,0,0,0,1,0,0,0,0
Poster/LISTENERS.jpg,1,1,0,0,0,0,0,0,1,1,0,0,0,1,0,0,0,0
Poster/RahXephon.jpg,0,0,0,1,0,0,0,0,1,1,1,1,1,1,0,0,0,0
Poster/STAR_DRIVER:_Kagayaki_no_Takuto.jpg,1,0,0,0,0,0,0,0,1,0,0,0,0,0,0,0,0,0
Poster/Sidonia_no_Kishi:_Daikyuu_Wakusei_Seneki.jpg,1,0,0,0,0,1,0,0,1,0,0,0,0,1,0,0,0,0
Poster/Kidou_Senshi_Gundam_00_2nd_Season.jpg,1,0,0,1,0,0,0,0,1,0,0,0,0,1,0,0,0,0
Poster/Full_Metal_Panic!_Invisible_Victory.jpg,1,0,0,0,0,0,0,0,1,0,0,0,0,1,0,0,0,0
Poster/Code_Geass:_Boukoku_no_Akito_3___Kagayakumono_Ten_Yori_Otsu.jpg,1,0,0,0,0,0,0,0,1,0,0,0,0,1,0,0,0,0
Poster/Code_Geass:_Hangyaku_no_Lelouch_III___Oudou.jpg,1,0,0,0,0,0,0,0,1,0,0,1,0,1,0,0,1,0
Poster/Chuunibyou_demo_Koi_ga_Shitai!:_Depth_of_Field___Ai_to_Nikushimi_Gekijou.jpg,0,0,1,0,0,0,0,0,1,0,0,0,0,0,0,0,0,0
Poster/Top_wo_Nerae_2!_DIEBUSTER.jpg,1,0,1,0,0,0,0,0,1,0,0,0,0,1,0,0,0,0
Poster/Macross_Δ.jpg,1,0,0,0,0,0,0,0,1,1,0,0,1,1,0,0,0,0
Poster/Kakumeiki_Valvrave_2.jpg,1,0,0,0,0,0,0,0,1,0,0,0,0,0,0,0,0,0
Poster/Granbelm.jpg,1,1,0,1,0,1,0,1,1,0,0,0,0,0,0,0,0,0
Poster/Code_Geass:_Boukoku_no_Akito_4___Nikushimi_no_Kioku_Kara.jpg,1,0,0,0,0,0,0,0,1,0,0,0,0,1,0,0,0,0
Poster/Code_Geass:_Hangyaku_no_Lelouch_II___Handou.jpg,1,0,0,0,0,0,0,0,1,0,0,0,1,1,0,0,1,1
Poster/Planet_With.jpg,1,0,0,0,0,0,0,0,1,0,0,0,0,1,0,0,0,0
Poster/The_Big_O.jpg,1,0,0,0,0,0,0,0,1,0,1,1,0,1,0,0,0,0
Poster/Kidou_Senshi_Gundam_UC.jpg,1,0,0,1,0,0,0,0,1,0,0,0,0,1,0,0,0,0
Poster/Nobunaga_the_Fool.jpg,0,0,0,0,0,0,0,0,1,0,0,0,0,1,0,0,0,0
Poster/Samurai_7.jpg,1,0,0,0,0,0,0,0,1,0,0,0,0,1,0,0,0,0
Poster/Muv_Luv_Alternative:_Total_Eclipse.jpg,1,0,0,0,0,0,0,0,1,0,0,0,0,1,0,0,0,0
Poster/Eureka_Seven_AO.jpg,1,1,0,1,0,0,0,0,1,0,0,0,0,1,0,0,0,0
Poster/Code_Geass:_Boukoku_no_Akito_5___Itoshiki_Mono_tachi_e.jpg,1,0,0,0,0,0,0,0,1,0,0,0,0,1,0,0,0,0
Poster/Aquarion_EVOL.jpg,1,0,1,1,0,1,0,0,1,0,0,0,1,0,0,0,0,0
Poster/Mai_HiME.jpg,1,0,1,1,0,1,0,0,1,0,0,0,1,0,0,0,0,0
Poster/Revisions.jpg,1,0,0,0,0,0,0,0,1,0,0,0,0,1,0,0,0,0
Poster/Godzilla:_Singular_Point.jpg,1,0,0,0,0,0,0,0,1,0,1,0,0,1,0,0,0,0
Poster/Koukaku_Kidoutai_2.0.jpg,1,0,0,0,0,0,0,0,1,0,0,1,0,1,0,0,0,0
Poster/Kidou_Senshi_Zeta_Gundam.jpg,0,0,0,1,0,0,0,0,1,0,0,0,0,1,0,0,0,0
Poster/IS:_Infinite_Stratos___World_Purge_hen.jpg,1,0,1,0,1,0,0,0,1,0,0,0,0,1,0,0,0,0
Poster/Buddy_Complex.jpg,1,0,0,1,0,0,0,0,1,0,0,0,0,1,0,0,0,0
Poster/Bubuki_Buranki.jpg,1,0,0,1,0,0,0,0,1,0,0,0,0,1,0,0,0,0
Poster/Given.jpg,0,0,0,1,0,0,0,0,0,1,0,0,1,0,0,1,0,0
Poster/K_ON!!.jpg,0,0,1,0,0,0,0,0,0,1,0,0,0,0,0,1,0,0
Poster/Zombie_Land_Saga.jpg,0,0,1,0,0,0,0,0,0,1,0,0,0,0,0,0,1,0
Poster/Hibike!_Euphonium.jpg,0,0,0,1,0,0,0,0,0,1,0,0,0,0,0,1,0,0
Poster/NANA.jpg,0,0,1,1,0,0,0,0,0,1,0,0,1,0,0,1,0,0
Poster/Vivy:_Fluorite_Eye’s_Song.jpg,1,0,0,1,0,0,0,0,0,1,0,0,0,1,0,0,0,1
Poster/Love_Live!_School_idol_project.jpg,0,0,1,0,0,0,0,0,0,1,0,0,0,0,0,1,0,0
Poster/takt_op.Destiny.jpg,1,0,0,0,0,1,0,0,0,1,0,0,0,0,0,0,0,0
Poster/Carole_&_Tuesday.jpg,0,0,0,1,0,0,0,0,0,1,0,0,0,1,0,0,0,0
Poster/Given_Movie.jpg,0,0,0,1,0,0,0,0,0,1,0,0,1,0,0,0,0,0
Poster/Sakamichi_no_Apollon.jpg,0,0,0,1,0,0,0,0,0,1,0,0,1,0,0,1,0,0
Poster/Kokoro_ga_Sakebitagatterun_da..jpg,0,0,0,1,0,0,0,0,0,1,0,0,1,0,0,1,0,0
Poster/Shelter.jpg,0,0,0,0,0,0,0,0,0,1,0,0,0,1,0,0,0,0
Poster/K_ON!_Movie.jpg,0,0,1,0,0,0,0,0,0,1,0,0,0,0,0,1,0,0
Poster/Doukyuusei.jpg,0,0,0,1,0,0,0,0,0,1,0,0,1,0,0,1,0,0
Poster/Kono_Oto_Tomare!.jpg,0,0,0,1,0,0,0,0,0,1,0,0,1,0,0,1,0,0
Poster/Hibike!_Euphonium_2.jpg,0,0,0,1,0,0,0,0,0,1,0,0,0,0,0,1,0,0
Poster/Love_Live!_School_idol_project_2nd_Season.jpg,0,0,1,0,0,0,0,0,0,1,0,0,0,0,0,1,0,0
Poster/Beck:_Mongolian_Chop_Squad.jpg,0,0,1,1,0,0,0,0,0,1,0,0,0,0,0,1,0,0
Poster/Fuuka.jpg,0,0,0,1,1,0,0,0,0,1,0,0,1,0,0,0,0,0
Poster/Zombie_Land_Saga:_Revenge.jpg,0,0,1,0,0,0,0,0,0,1,0,0,0,0,0,0,1,0
Poster/Love_Live!_Sunshine!!.jpg,0,0,0,0,0,0,0,0,0,1,0,0,0,0,0,1,0,0
Poster/WHITE_ALBUM_2.jpg,0,0,0,1,0,0,0,0,0,1,0,0,1,0,0,1,0,0
Poster/Nodame_Cantabile.jpg,0,0,1,1,0,0,0,0,0,1,0,0,1,0,0,1,0,0
Poster/Aggressive_Retsuko.jpg,0,0,1,0,0,0,0,0,0,1,0,0,0,0,0,1,0,0
Poster/Liz_to_Aoi_Tori.jpg,0,0,0,1,0,0,0,0,0,1,0,0,0,0,0,1,0,0
Poster/So_Ra_No_Wo_To.jpg,0,0,1,0,0,0,0,0,0,1,0,0,0,1,0,1,0,0
Poster/K_ON!:_Live_House!.jpg,0,0,1,0,0,0,0,0,0,1,0,0,0,0,0,1,0,0
Poster/THE_IDOLM@STER.jpg,0,0,1,1,0,0,0,0,0,1,0,0,0,0,0,1,0,0
Poster/Mashiro_no_Oto.jpg,0,0,0,1,0,0,0,0,0,1,0,0,0,0,0,0,0,0
Poster/Senki_Zesshou_Symphogear.jpg,1,0,0,1,0,0,0,1,0,1,0,0,0,1,0,0,0,0
Poster/TARI_TARI.jpg,0,0,0,0,0,0,0,0,0,1,0,0,0,0,0,1,0,0
Poster/Love_Live!_The_School_Idol_Movie.jpg,0,0,0,0,0,0,0,0,0,1,0,0,0,0,0,1,0,0
Poster/Love_Live!_Sunshine!!_2nd_Season.jpg,0,0,0,0,0,0,0,0,0,1,0,0,0,0,0,1,0,0
Poster/Detroit_Metal_City.jpg,0,0,1,0,0,0,0,0,0,1,0,0,0,0,0,0,0,0
Poster/K_ON!!:_Keikaku!.jpg,0,0,1,0,0,0,0,0,0,1,0,0,0,0,0,1,0,0
Poster/Kono_Oto_Tomare!_2.jpg,0,0,0,1,0,0,0,0,0,1,0,0,1,0,0,1,0,0
Poster/Shoujo☆Kageki_Revue_Starlight.jpg,1,0,0,1,0,0,0,0,0,1,0,1,0,0,0,0,0,0
Poster/Back_Street_Girls:_Gokudolls.jpg,0,0,1,0,1,0,0,0,0,1,0,0,0,0,0,0,0,0
Poster/Sora_no_Aosa_wo_Shiru_Hito_yo.jpg,0,0,0,1,0,0,0,0,0,1,0,0,1,0,0,1,1,0
Poster/Piano_no_Mori_(TV).jpg,0,0,0,1,0,0,0,0,0,1,0,0,0,0,0,0,0,0
Poster/BanG_Dream!.jpg,0,0,1,1,0,0,0,0,0,1,0,0,0,0,0,1,0,0
Poster/Uta_no☆Prince_sama♪_Maji_Love_1000%.jpg,0,0,1,0,0,0,0,0,0,1,0,0,1,0,0,0,0,0
Poster/Aggressive_Retsuko_Season_2.jpg,0,0,1,0,0,0,0,0,0,1,0,0,0,0,0,1,0,0
Poster/Shigatsu_wa_Kimi_no_Uso:_Moments.jpg,0,0,0,0,0,0,0,0,0,1,0,0,0,0,0,1,0,0
Poster/Fukumenkei_Noise.jpg,0,0,0,0,0,0,0,0,0,1,0,0,1,0,0,0,0,0
Poster/Rolling☆Girls.jpg,1,1,0,0,0,0,0,0,0,1,0,0,0,0,0,0,0,0
Poster/Yuri!!!_on_Ice_Special.jpg,0,0,0,0,0,0,0,0,0,1,0,0,0,0,1,0,0,0
Poster/WHITE_ALBUM.jpg,0,0,0,1,0,0,0,0,0,1,0,0,1,0,0,0,0,0
Poster/Love_Live!_Nijigasaki_Gakuen_School_Idol_Doukoukai.jpg,0,0,0,0,0,0,0,0,0,1,0,0,0,0,0,1,0,0
Poster/THE_IDOLM@STER_Cinderella_Girls.jpg,0,0,1,0,0,0,0,0,0,1,0,0,0,0,0,1,0,0
Poster/Hypnosis_Mic:_Division_Rap_Battle___Rhyme_Anima.jpg,1,0,0,0,0,0,0,0,0,1,0,0,0,1,0,0,0,0
Poster/SHOW_BY_ROCK!!.jpg,0,0,1,0,0,1,0,0,0,1,0,0,0,0,0,0,0,0
Poster/Hibike!_Euphonium:_Chikai_no_Finale.jpg,0,0,0,1,0,0,0,0,0,1,0,0,0,0,0,1,0,0
Poster/Haruchika:_Haruta_to_Chika_wa_Seishun_Suru.jpg,0,0,0,0,0,0,0,0,0,1,1,0,1,0,0,1,0,0
Poster/Senki_Zesshou_Symphogear_G.jpg,1,0,0,1,0,0,0,1,0,1,0,0,0,1,0,0,0,0
Poster/Nodame_Cantabile_Finale.jpg,0,0,1,0,0,0,0,0,0,1,0,0,1,0,0,0,0,0
Poster/Aggressive_Retsuko_Season_3.jpg,0,0,1,0,0,0,0,0,0,1,0,0,0,0,0,1,0,0
Poster/Hibike!_Euphonium:_Kakedasu_Monaka.jpg,0,0,0,1,0,0,0,0,0,1,0,0,0,0,0,1,0,0
Poster/Nodame_Cantabile:_Paris_hen.jpg,0,0,1,0,0,0,0,0,0,1,0,0,1,0,0,1,0,0
Poster/IDOLiSH7.jpg,0,0,1,1,0,0,0,0,0,1,0,0,0,0,0,1,0,0
Poster/Ryuu_to_Sobakasu_no_Hime.jpg,0,0,0,1,0,0,0,0,0,1,1,0,0,1,0,0,0,0
Poster/Love_Live!_Superstar!!.jpg,0,0,0,0,0,0,0,0,0,1,0,0,0,0,0,1,0,0
Poster/IDOLY_PRIDE.jpg,0,0,0,1,0,0,0,0,0,1,0,0,0,0,0,1,1,0
Poster/SoniAni:_Super_Sonico_The_Animation.jpg,0,0,1,0,0,0,0,0,0,1,0,0,0,0,0,1,0,0
Poster/Yoake_Tsugeru_Lu_no_Uta.jpg,0,1,0,0,0,1,0,0,0,1,0,0,0,0,0,0,1,0
Poster/Ensemble_Stars!.jpg,0,0,0,0,0,0,0,0,0,1,0,0,0,0,0,1,0,0
Poster/Senki_Zesshou_Symphogear_GX.jpg,1,0,0,1,0,0,0,1,0,1,0,0,0,1,0,0,0,0
Poster/22_7.jpg,0,0,0,1,0,0,0,0,0,1,0,0,0,0,0,0,0,0
Poster/Full_Moon_wo_Sagashite.jpg,0,0,1,1,0,0,0,1,0,1,0,0,1,0,0,0,1,0
Poster/Tenshi_no_3P!.jpg,0,0,0,0,0,0,0,0,0,1,0,0,0,0,0,1,0,0
Poster/Uta_no☆Prince_sama♪_Maji_Love_2000%.jpg,0,0,1,0,0,0,0,0,0,1,0,0,1,0,0,0,0,0
"Poster/Wake_Up,_Girls!.jpg",0,0,0,1,0,0,0,0,0,1,0,0,0,0,0,1,0,0
Poster/Interstella_5555:_THE_5TORY_OF_THE_5ECRET_5TAR_5YSTEM.jpg,0,1,0,1,0,0,0,0,0,1,0,0,0,1,0,0,0,0
Poster/BanG_Dream!_2nd_Season.jpg,0,0,1,1,0,0,0,0,0,1,0,0,0,0,0,1,0,0
Poster/Lapis_Re:LiGHTs.jpg,0,0,0,0,0,1,0,0,0,1,0,0,0,0,0,0,0,0
Poster/Love_Live!_School_idol_project_OVA.jpg,0,0,0,0,0,0,0,0,0,1,0,0,0,0,0,1,0,0
Poster/Visual_Prison.jpg,0,0,0,0,0,0,0,0,0,1,0,0,0,0,0,0,1,0
Poster/Sekkou_Boys.jpg,0,0,1,0,0,0,0,0,0,1,0,0,0,0,0,0,0,0
Poster/Senki_Zesshou_Symphogear_XV.jpg,1,0,0,1,0,0,0,1,0,1,0,0,0,1,0,0,0,0
Poster/Love_Live!_Sunshine!!_The_School_Idol_Movie:_Over_the_Rainbow.jpg,0,0,0,0,0,0,0,0,0,1,0,0,0,0,0,1,0,0
Poster/Oshi_ga_Budoukan_Ittekuretara_Shinu.jpg,0,0,1,0,0,0,0,0,0,1,0,0,0,0,0,1,0,0
Poster/Ai_no_Utagoe_wo_Kikasete.jpg,0,0,0,0,0,0,0,0,0,1,0,0,0,0,0,0,0,0
Poster/Ochikobore_Fruit_Tart.jpg,0,0,1,0,1,0,0,0,0,1,0,0,0,0,0,1,0,0
Poster/Senki_Zesshou_Symphogear_AXZ.jpg,1,0,0,1,0,0,0,1,0,1,0,0,0,1,0,0,0,0
Poster/Given:_Uragawa_no_Sonzai.jpg,0,0,0,1,0,0,0,0,0,1,0,0,1,0,0,1,0,0
Poster/Piano_no_Mori.jpg,0,1,1,1,0,0,0,0,0,1,0,0,0,0,0,0,0,0
Poster/AKB0048.jpg,0,0,0,1,0,0,0,0,1,1,0,0,0,1,0,0,0,0
Poster/Black★Rock_Shooter.jpg,1,0,0,0,0,0,0,0,0,1,0,0,0,0,0,0,0,0
Poster/Gravitation.jpg,0,0,1,0,0,0,0,0,0,1,0,0,1,0,0,0,0,0
Poster/Kimi_no_Hikari:_Asagao_to_Kase_san..jpg,0,0,0,0,0,0,0,0,0,1,0,0,1,0,0,0,0,0
Poster/Miss_Monochrome___The_Animation.jpg,0,0,0,0,0,0,0,0,0,1,0,0,0,0,0,1,0,0
Poster/DEATH_NOTE.jpg,0,0,0,0,0,0,0,0,0,0,1,1,0,0,0,0,1,1
Poster/Hyouka.jpg,0,0,0,0,0,0,0,0,0,0,1,0,0,0,0,1,0,0
Poster/Black_Bullet.jpg,1,0,0,1,0,0,0,0,0,0,1,0,0,1,0,0,0,0
Poster/serial_experiments_lain.jpg,0,0,0,1,0,0,0,0,0,0,1,1,0,1,0,0,1,0
Poster/Monogatari_Series:_Second_Season.jpg,0,0,1,1,0,0,0,0,0,0,1,1,1,0,0,0,1,0
Poster/Yamada_kun_to_7_nin_no_Majo.jpg,0,0,1,0,0,0,0,0,0,0,1,0,1,0,0,0,1,0
Poster/Bungou_Stray_Dogs_3.jpg,1,0,1,0,0,0,0,0,0,0,1,0,0,0,0,0,1,0
Poster/DARKER_THAN_BLACK:_Kuro_no_Keiyakusha.jpg,1,0,0,0,0,0,0,0,0,0,1,0,0,1,0,0,0,0
Poster/Fugou_Keiji:_Balance:UNLIMITED.jpg,1,0,1,0,0,0,0,0,0,0,1,0,0,1,0,0,0,0
Poster/Nekomonogatari_(Kuro).jpg,0,0,0,1,0,0,0,0,0,0,1,1,1,0,0,0,1,0
Poster/Suzumiya_Haruhi_no_Shoushitsu.jpg,0,0,0,1,0,0,0,0,0,0,1,0,0,1,0,0,1,0
Poster/Darwin's_Game.jpg,1,0,0,0,0,0,0,0,0,0,1,0,0,1,0,0,0,1
Poster/Houseki_no_Kuni.jpg,1,0,0,1,0,1,0,0,0,0,1,1,0,0,0,0,0,0
Poster/Yojouhan_Shinwa_Taikei.jpg,0,0,1,0,0,0,0,0,0,0,1,1,1,0,0,0,0,0
Poster/Shingeki_no_Kyojin:_The_Final_Season_Part_2.jpg,1,0,0,1,0,1,0,0,0,0,1,1,0,0,0,0,0,0
Poster/Owarimonogatari.jpg,0,0,0,1,0,0,0,0,0,0,1,1,0,0,0,0,1,0
Poster/Rokka_no_Yuusha.jpg,1,1,0,0,0,1,0,0,0,0,1,0,0,0,0,0,0,0
Poster/BEASTARS_2.jpg,0,0,0,1,0,0,0,0,0,0,1,1,1,0,0,1,0,0
Poster/Hanamonogatari.jpg,0,0,0,1,0,0,0,0,0,0,1,1,0,0,0,0,1,0
Poster/Ergo_Proxy.jpg,0,1,0,0,0,0,0,0,0,0,1,1,0,1,0,0,0,0
Poster/Kyokou_Suiri.jpg,0,0,1,0,0,0,0,0,0,0,1,0,1,0,0,0,1,0
Poster/Owarimonogatari_(Ge).jpg,0,0,1,0,0,0,0,0,0,0,1,0,1,0,0,0,1,0
Poster/Shingeki_no_Kyojin_OVA.jpg,1,0,0,1,0,1,0,0,0,0,1,0,0,0,0,0,0,0
Poster/Zetsuen_no_Tempest.jpg,1,0,0,1,0,1,0,0,0,0,1,0,1,0,0,0,0,0
Poster/Suzumiya_Haruhi_no_Yuuutsu_(2009).jpg,0,0,1,0,0,0,0,0,0,0,1,0,0,1,0,1,1,0
Poster/Vanitas_no_Carte.jpg,0,0,0,1,0,1,0,0,0,0,1,0,0,0,0,0,1,0
Poster/Durarara!!x2_Shou.jpg,1,0,0,0,0,0,0,0,0,0,1,0,0,0,0,0,1,0
Poster/Paprika.jpg,0,0,0,0,0,1,0,0,0,0,1,1,0,1,0,0,0,1
Poster/Yuukoku_no_Moriarty.jpg,0,0,0,0,0,0,0,0,0,0,1,1,0,0,0,0,0,0
Poster/Higashi_no_Eden.jpg,1,1,0,1,0,0,0,0,0,0,1,1,1,1,0,0,0,1
Poster/Kemono_Jihen.jpg,1,0,0,1,0,0,0,0,0,0,1,0,0,0,0,0,1,0
Poster/Gosick.jpg,0,0,0,1,0,0,0,0,0,0,1,0,1,0,0,0,0,0
"Poster/Kumo_desu_ga,_Nani_ka?.jpg",1,1,1,0,0,1,0,0,0,0,1,0,0,0,0,0,0,0
Poster/ID:_INVADED.jpg,0,0,0,1,0,0,0,0,0,0,1,1,0,1,0,0,0,0
Poster/Platinum_End.jpg,0,0,0,1,0,0,0,0,0,0,1,1,1,0,0,0,1,0
Poster/Mahou_Shoujo_Madoka☆Magica:_Hangyaku_no_Monogatari.jpg,0,0,0,1,0,1,0,1,0,0,1,1,0,0,0,0,0,1
Poster/Kuroshitsuji_II.jpg,1,0,1,0,0,1,0,0,0,0,1,0,0,0,0,0,1,0
"Poster/Tantei_wa_mou,_Shindeiru..jpg",0,0,1,1,0,0,0,0,0,0,1,0,1,0,0,0,1,0
Poster/Mousou_Dairinin.jpg,0,0,0,1,0,0,0,0,0,0,1,1,0,0,0,0,1,1
Poster/Shuumatsu_Nani_Shitemasu_ka?_Isogashii_desu_ka?_Sukutte_Moratte_Ii_desu_ka?.jpg,0,0,0,1,0,1,0,0,0,0,1,0,1,0,0,1,1,0
Poster/Assassins_Pride.jpg,1,0,1,1,0,1,0,0,0,0,1,0,1,0,0,0,0,0
Poster/B:_The_Beginning.jpg,1,0,0,0,0,0,0,0,0,0,1,1,0,0,0,0,1,1
Poster/Vampire_Knight.jpg,0,0,0,1,0,0,0,0,0,0,1,0,1,0,0,0,1,0
Poster/Kanata_no_Astra.jpg,0,1,0,0,0,0,0,0,0,0,1,0,0,1,0,0,0,0
Poster/Seishun_Buta_Yarou_wa_Yumemiru_Shoujo_no_Yume_wo_Minai.jpg,0,0,0,1,0,0,0,0,0,0,0,1,1,0,0,0,1,0
Poster/91Days.jpg,1,0,0,1,0,0,0,0,0,0,0,1,0,0,0,0,0,0
Poster/Inuyashiki.jpg,1,0,0,1,0,0,0,0,0,0,0,1,0,1,0,0,0,0
Poster/BTOOOM!.jpg,1,0,0,0,0,0,0,0,0,0,0,1,0,1,0,0,0,0
Poster/NHK_ni_Youkoso!.jpg,0,0,1,1,0,0,0,0,0,0,0,1,1,0,0,1,0,0
Poster/PSYCHO_PASS_2.jpg,1,0,0,0,0,0,0,0,0,0,0,1,0,1,0,0,0,1
Poster/Koukaku_Kidoutai.jpg,1,0,0,0,0,0,0,0,0,0,0,1,0,1,0,0,0,0
Poster/Fate_stay_night_[Heaven's_Feel]_I._presage_flower.jpg,1,0,0,0,0,1,0,0,0,0,0,1,0,0,0,0,1,0
Poster/Sayonara_no_Asa_ni_Yakusoku_no_Hana_wo_Kazarou.jpg,0,0,0,1,0,1,0,0,0,0,0,1,0,0,0,0,0,0
Poster/Ping_Pong_THE_ANIMATION.jpg,0,0,0,1,0,0,0,0,0,0,0,1,0,0,1,0,0,0
Poster/No.6.jpg,1,0,0,1,0,0,0,0,0,0,0,1,0,1,0,0,0,0
Poster/Fate_stay_night_[Heaven's_Feel]_II._lost_butterfly.jpg,1,0,0,0,0,1,0,0,0,0,0,1,0,0,0,0,1,0
Poster/Re:Zero_kara_Hajimeru_Isekai_Seikatsu_OVA.jpg,0,0,1,1,0,1,0,0,0,0,0,1,0,0,0,0,0,1
Poster/Mirai_Nikki:_Redial.jpg,1,0,0,0,0,0,0,0,0,0,0,1,0,0,0,0,1,0
Poster/Danganronpa_3:_The_End_of_Kibougamine_Gakuen___Zetsubou_hen.jpg,1,0,0,1,0,0,0,0,0,0,0,1,0,0,0,0,0,0
Poster/Gyakkyou_Burai_Kaiji:_Ultimate_Survivor.jpg,0,0,0,0,0,0,0,0,0,0,0,1,0,0,0,0,0,1
Poster/Fate_stay_night_[Heaven's_Feel]_III._spring_song.jpg,1,0,0,1,0,1,0,0,0,0,0,1,0,0,0,0,1,1
Poster/Mawaru_Penguindrum.jpg,0,0,0,1,0,0,0,0,0,0,1,1,0,0,0,0,1,0
Poster/Odd_Taxi.jpg,0,0,0,1,0,0,0,0,0,0,1,1,0,0,0,0,0,0
Poster/Kiznaiver.jpg,0,0,0,1,0,0,0,0,0,0,0,0,1,1,0,0,0,0
Poster/Kokoro_Connect.jpg,0,0,0,1,0,0,0,0,0,0,0,0,1,0,0,1,1,0
Poster/Yahari_Ore_no_Seishun_Love_Come_wa_Machigatteiru._Kan.jpg,0,0,1,1,0,0,0,0,0,0,0,0,1,0,0,1,0,0
Poster/Kimi_ni_Todoke.jpg,0,0,1,1,0,0,0,0,0,0,0,0,1,0,0,1,0,0
Poster/Chuunibyou_demo_Koi_ga_Shitai!_Ren.jpg,0,0,1,1,0,0,0,0,0,0,0,0,1,0,0,1,0,0
Poster/Saenai_Heroine_no_Sodatekata.jpg,0,0,1,0,0,0,0,0,0,0,0,0,1,0,0,1,0,0
"Poster/Komi_san_wa,_Komyushou_desu..jpg",0,0,1,0,0,0,0,0,0,0,0,0,1,0,0,1,0,0
Poster/Nisekoi:.jpg,0,0,1,0,0,0,0,0,0,0,0,0,1,0,0,1,0,0
Poster/Hige_wo_Soru._Soshite_Joshikousei_wo_Hirou..jpg,0,0,0,1,0,0,0,0,0,0,0,0,1,0,0,1,0,0
Poster/Karakai_Jouzu_no_Takagi_san.jpg,0,0,1,0,0,0,0,0,0,0,0,0,1,0,0,1,0,0
Poster/Ore_no_Imouto_ga_Konna_ni_Kawaii_Wake_ga_Nai.jpg,0,0,1,0,0,0,0,0,0,0,0,0,1,0,0,1,0,0
Poster/Sukitte_Ii_na_yo..jpg,0,0,0,1,0,0,0,0,0,0,0,0,1,0,0,0,0,0
Poster/Steins;Gate_0.jpg,0,0,0,1,0,0,0,0,0,0,0,0,0,1,0,0,0,1
Poster/Toaru_Majutsu_no_Index.jpg,1,0,0,0,0,0,0,0,0,0,0,0,0,1,0,0,1,0
Poster/Sword_Art_Online_Alternative:_Gun_Gale_Online.jpg,1,0,0,0,0,0,0,0,0,0,0,0,0,1,0,0,0,0
Poster/Toaru_Kagaku_no_Railgun.jpg,1,0,0,0,0,1,0,0,0,0,0,0,0,1,0,0,0,0
Poster/Megalo_Box.jpg,1,0,0,1,0,0,0,0,0,0,0,0,0,1,1,0,0,0
Poster/Accel_World.jpg,1,0,0,0,0,0,0,0,0,0,0,0,1,1,0,0,0,0
Poster/Akudama_Drive.jpg,1,0,0,1,0,0,0,0,0,0,0,0,0,1,0,0,0,0
Poster/Steins;Gate:_Fuka_Ryouiki_no_Déjà_vu.jpg,0,0,0,1,0,0,0,0,0,0,0,0,1,1,0,0,0,1
Poster/Summer_Wars.jpg,1,0,1,1,0,0,0,0,0,0,0,0,1,1,0,0,0,0
Poster/Dragon_Ball_GT.jpg,1,1,1,0,0,1,0,0,0,0,0,0,0,1,0,0,0,0
Poster/God_Eater.jpg,1,0,0,0,0,0,0,0,0,0,0,0,0,1,0,0,0,0
Poster/Mekakucity_Actors.jpg,0,0,1,0,0,0,0,0,0,0,0,0,1,1,0,0,1,0
Poster/Gintama°.jpg,1,0,1,1,0,0,0,0,0,0,0,0,0,1,0,0,0,0
Poster/Steins;Gate:_Oukoubakko_no_Poriomania.jpg,0,0,1,0,0,0,0,0,0,0,0,0,1,1,0,0,0,0
Poster/Shoujo_Shuumatsu_Ryokou.jpg,0,1,0,0,0,0,0,0,0,0,0,0,0,1,0,1,0,0
Poster/Tenkuu_no_Shiro_Laputa.jpg,0,1,0,0,0,1,0,0,0,0,0,0,0,1,0,0,0,0
Poster/Toaru_Majutsu_no_Index_II.jpg,1,0,0,0,0,0,0,0,0,0,0,0,0,1,0,0,1,0
Poster/Gintama'.jpg,1,0,1,1,0,0,0,0,0,0,0,0,0,1,0,0,0,0
Poster/Deca_Dence.jpg,1,1,0,0,0,0,0,0,0,0,0,0,0,1,0,0,0,0
Poster/Toaru_Kagaku_no_Railgun_S.jpg,1,0,0,0,0,1,0,0,0,0,0,0,0,1,0,0,0,0
Poster/Mahouka_Koukou_no_Rettousei:_Raihousha_hen.jpg,1,0,0,0,0,0,0,0,0,0,0,0,1,1,0,0,1,0
Poster/World_Trigger.jpg,1,1,0,0,0,0,0,0,0,0,0,0,0,1,0,0,1,0
Poster/Kamisama_ni_Natta_Hi.jpg,0,0,1,1,0,0,0,0,0,0,0,0,1,1,0,1,0,0
Poster/REDLINE.jpg,1,0,0,0,0,0,0,0,0,0,0,0,1,1,1,0,0,0
Poster/Space☆Dandy.jpg,0,0,1,0,0,0,0,0,0,0,0,0,0,1,0,0,0,0
Poster/Kaguya_sama:_Love_is_War.jpg,0,0,1,0,0,0,0,0,0,0,0,1,1,0,0,1,0,0
Poster/Clannad.jpg,0,0,1,1,0,0,0,0,0,0,0,0,1,0,0,1,1,0
Poster/The_Quintessential_Quintuplets.jpg,0,0,1,1,0,0,0,0,0,0,0,0,1,0,0,1,0,0
Poster/Ouran_High_School_Host_Club.jpg,0,0,1,1,0,0,0,0,0,0,0,0,1,0,0,1,0,0
Poster/Clannad:_After_Story.jpg,0,0,0,1,0,0,0,0,0,0,0,0,1,0,0,1,1,0
Poster/March_comes_in_like_a_lion.jpg,0,0,0,1,0,0,0,0,0,0,0,0,0,0,0,1,0,0
Poster/The_Ancient_Magus'_Bride.jpg,0,0,0,1,0,1,0,0,0,0,0,0,1,0,0,1,1,0
Poster/Free!__Iwatobi_Swim_Club_.jpg,0,0,1,1,0,0,0,0,0,0,0,0,0,0,1,1,0,0
Poster/Tsuredure_Children.jpg,0,0,1,1,0,0,0,0,0,0,0,0,1,0,0,1,0,0
Poster/Daily_Lives_of_High_School_Boys.jpg,0,0,1,0,0,0,0,0,0,0,0,0,0,0,0,1,0,0
Poster/Haven't_You_Heard?_I'm_Sakamoto.jpg,0,0,1,0,0,0,0,0,0,0,0,0,0,0,0,1,0,0
Poster/Himouto!_Umaru_chan.jpg,0,0,1,0,0,0,0,0,0,0,0,0,0,0,0,1,0,0
Poster/GAMERS!.jpg,0,0,1,1,0,0,0,0,0,0,0,0,1,0,0,1,0,0
Poster/Fruits_Basket_Season_2.jpg,0,0,1,1,0,0,0,0,0,0,0,0,1,0,0,1,1,0
Poster/Laid_Back_Camp.jpg,0,0,1,0,0,0,0,0,0,0,0,0,0,0,0,1,0,0
Poster/Barakamon.jpg,0,0,1,0,0,0,0,0,0,0,0,0,0,0,0,1,0,0
"Poster/WATAMOTE_~No_Matter_How_I_Look_at_It,_It’s_You_Guys_Fault_I’m_Not_Popular!~.jpg",0,0,1,0,0,0,0,0,0,0,0,0,0,0,0,1,0,0
Poster/Tsukigakirei.jpg,0,0,0,1,0,0,0,0,0,0,0,0,1,0,0,1,0,0
Poster/Nagi_Asu:_A_Lull_in_the_Sea.jpg,0,0,0,1,0,1,0,0,0,0,0,0,1,0,0,1,0,0
Poster/HINAMATSURI.jpg,0,0,1,0,0,0,0,0,0,0,0,0,0,1,0,1,1,0
Poster/GTO:_Great_Teacher_Onizuka.jpg,0,0,1,1,0,0,0,0,0,0,0,0,0,0,0,1,0,0
Poster/Miss_Kobayashi's_Dragon_Maid_S.jpg,0,0,1,0,0,1,0,0,0,0,0,0,0,0,0,1,0,0
Poster/March_comes_in_like_a_lion_Season_2.jpg,0,0,0,1,0,0,0,0,0,0,0,0,0,0,0,1,0,0
Poster/Gabriel_DropOut.jpg,0,0,1,0,0,0,0,0,0,0,0,0,0,0,0,1,1,0
Poster/Lucky☆Star.jpg,0,0,1,0,0,0,0,0,0,0,0,0,0,0,0,1,0,0
Poster/Asobi_Asobase___workshop_of_fun__.jpg,0,0,1,0,0,0,0,0,0,0,0,0,0,0,0,1,0,0
"Poster/BOFURI:_I_Don't_Want_to_Get_Hurt,_so_I'll_Max_Out_My_Defense..jpg",1,1,1,0,0,1,0,0,0,0,0,0,0,0,0,1,0,0
Poster/Violet_Evergarden:_the_Movie.jpg,0,0,0,1,0,1,0,0,0,0,0,0,0,0,0,1,0,0
Poster/NEW_GAME!.jpg,0,0,1,0,0,0,0,0,0,0,0,0,0,0,0,1,0,0
Poster/Recovery_of_an_MMO_Junkie.jpg,0,1,1,0,0,1,0,0,0,0,0,0,1,0,0,1,0,0
Poster/Fruits_Basket_The_Final_Season.jpg,0,0,1,1,0,0,0,0,0,0,0,1,1,0,0,1,1,0
Poster/Tamako_Market.jpg,0,0,1,0,0,0,0,0,0,0,0,0,0,0,0,1,0,0
Poster/Non_Non_Biyori.jpg,0,0,1,0,0,0,0,0,0,0,0,0,0,0,0,1,0,0
Poster/Bakuman..jpg,0,0,1,1,0,0,0,0,0,0,0,0,1,0,0,1,0,0
Poster/My_Next_Life_as_a_Villainess:_All_Routes_Lead_to_Doom!.jpg,0,0,1,0,0,1,0,0,0,0,0,0,1,0,0,1,0,0
Poster/Grand_Blue.jpg,0,0,1,0,0,0,0,0,0,0,0,0,0,0,1,1,0,0
Poster/Kuroko_no_Basket_2nd_Season.jpg,0,0,1,0,0,0,0,0,0,0,0,0,0,0,1,0,0,0
Poster/Kuroko_no_Basket_3rd_Season.jpg,0,0,1,0,0,0,0,0,0,0,0,0,0,0,1,0,0,0
Poster/Chihayafuru.jpg,0,0,0,1,0,0,0,0,0,0,0,0,1,0,1,1,0,0
Poster/Haikyuu!!_Riku_VS_Kuu.jpg,0,0,1,1,0,0,0,0,0,0,0,0,0,0,1,0,0,0
Poster/Free!:_Eternal_Summer.jpg,0,0,1,1,0,0,0,0,0,0,0,0,0,0,1,1,0,0
Poster/Hajime_no_Ippo:_THE_FIGHTING!.jpg,0,0,1,1,0,0,0,0,0,0,0,0,0,0,1,0,0,0
Poster/Kaze_ga_Tsuyoku_Fuiteiru.jpg,0,0,1,1,0,0,0,0,0,0,0,0,0,0,1,0,0,0
Poster/Initial_D.jpg,1,0,0,1,0,0,0,0,0,0,0,0,0,0,1,0,0,0
Poster/Ballroom_e_Youkoso.jpg,0,0,0,1,0,0,0,0,0,0,0,0,1,0,1,0,0,0
Poster/Hoshiai_no_Sora.jpg,0,0,0,1,0,0,0,0,0,0,0,0,0,0,1,1,0,0
Poster/Baki.jpg,1,0,0,0,0,0,0,0,0,0,0,0,0,0,1,0,0,0
Poster/Girls_und_Panzer.jpg,1,0,0,0,0,0,0,0,0,0,0,0,0,0,1,0,0,0
Poster/Kuroko_no_Basket:_Last_Game.jpg,0,0,1,0,0,0,0,0,0,0,0,0,0,0,1,0,0,0
Poster/Diamond_no_Ace.jpg,0,0,1,0,0,0,0,0,0,0,0,0,0,0,1,0,0,0
Poster/Free!:_Dive_to_the_Future.jpg,0,0,1,1,0,0,0,0,0,0,0,0,0,0,1,1,0,0
Poster/Ahiru_no_Sora.jpg,0,0,0,1,0,0,0,0,0,0,0,0,0,0,1,0,0,0
Poster/Chihayafuru_2.jpg,0,0,0,1,0,0,0,0,0,0,0,0,1,0,1,1,0,0
Poster/2.43:_Seiin_Koukou_Danshi_Volley_bu.jpg,0,0,0,1,0,0,0,0,0,0,0,0,0,0,1,1,0,0
Poster/Hanebado!.jpg,0,0,0,1,0,0,0,0,0,0,0,0,0,0,1,1,0,0
Poster/Air_Gear.jpg,1,0,1,0,1,0,0,0,0,0,0,0,0,0,1,0,0,0
Poster/Slam_Dunk.jpg,0,0,1,1,0,0,0,0,0,0,0,0,0,0,1,1,0,0
Poster/Keppeki_Danshi!_Aoyama_kun.jpg,0,0,1,0,0,0,0,0,0,0,0,0,0,0,1,0,0,0
Poster/Yowamushi_Pedal.jpg,0,0,1,1,0,0,0,0,0,0,0,0,0,0,1,0,0,0
Poster/Aoharu_x_Kikanjuu.jpg,1,0,1,0,0,0,0,0,0,0,0,0,0,0,1,1,0,0
Poster/NOMAD:_Megalo_Box_2.jpg,1,0,0,1,0,0,0,0,0,0,0,0,0,1,1,0,0,0
Poster/One_Outs.jpg,0,0,0,0,0,0,0,0,0,0,0,1,0,0,1,0,0,0
Poster/Tsurune:_Kazemai_Koukou_Kyuudou_bu.jpg,0,0,0,1,0,0,0,0,0,0,0,0,0,0,1,1,0,0
Poster/Inazuma_Eleven.jpg,0,0,0,0,0,0,0,0,0,0,0,0,0,0,1,0,0,0
Poster/Hajime_no_Ippo:_New_Challenger.jpg,0,0,1,1,0,0,0,0,0,0,0,0,0,0,1,0,0,0
Poster/RE_MAIN.jpg,0,0,0,1,0,0,0,0,0,0,0,0,0,0,1,0,0,0
Poster/Prince_of_Stride:_Alternative.jpg,0,0,0,0,0,0,0,0,0,0,0,0,0,0,1,0,0,0
Poster/Tsuritama.jpg,0,0,1,0,0,0,0,0,0,0,0,0,0,1,1,1,0,0
Poster/Bakuten!!.jpg,0,0,1,1,0,0,0,0,0,0,0,0,0,0,1,0,0,0
Poster/Uma_Musume:_Pretty_Derby.jpg,0,0,0,1,0,0,0,0,0,0,0,0,0,0,1,1,0,0
Poster/Initial_D_SECOND_STAGE.jpg,1,0,0,1,0,0,0,0,0,0,0,0,0,0,1,0,0,0
Poster/Hajime_no_Ippo:_Rising.jpg,0,0,1,1,0,0,0,0,0,0,0,0,0,0,1,0,0,0
Poster/Harukana_Receive.jpg,0,0,0,0,1,0,0,0,0,0,0,0,0,0,1,1,0,0
Poster/Chihayafuru_3.jpg,0,0,0,1,0,0,0,0,0,0,0,0,1,0,1,1,0,0
Poster/YURI!!!_on_ICE_the_movie_:_ICE_ADOLESCENCE.jpg,0,0,0,0,0,0,0,0,0,0,0,0,0,0,1,0,0,0
Poster/Shakunetsu_Kabaddi.jpg,1,0,1,1,0,0,0,0,0,0,0,0,0,0,1,0,0,0
Poster/Ao_no_Kanata_no_Four_Rhythm.jpg,0,0,0,1,0,0,0,0,0,0,0,0,0,1,1,0,0,0
Poster/Haikyuu!!:_Lev_Kenzan!.jpg,0,0,1,1,0,0,0,0,0,0,0,0,0,0,1,0,0,0
Poster/Initial_D_THIRD_STAGE.jpg,1,0,0,1,0,0,0,0,0,0,0,0,1,0,1,0,0,0
Poster/Initial_D_FOURTH_STAGE.jpg,1,0,0,1,0,0,0,0,0,0,0,0,0,0,1,0,0,0
Poster/Iwa_Kakeru!:_Sport_Climbing_Girls.jpg,0,0,1,1,0,0,0,0,0,0,0,0,0,0,1,0,0,0
Poster/Kengan_Ashura.jpg,1,0,0,0,0,0,0,0,0,0,0,0,0,0,1,0,0,0
Poster/Baby_Steps.jpg,0,0,0,0,0,0,0,0,0,0,0,0,1,0,1,0,0,0
Poster/DAYS.jpg,0,0,1,1,0,0,0,0,0,0,0,0,0,0,1,0,0,0
Poster/Baki:_Dai_Raitaisai_hen.jpg,1,0,0,0,0,0,0,0,0,0,0,0,0,0,1,0,0,0
Poster/Haikyuu!!:_vs._Akaten.jpg,0,0,1,1,0,0,0,0,0,0,0,0,0,0,1,0,0,0
Poster/Eyeshield_21.jpg,1,0,1,0,0,0,0,0,0,0,0,0,0,0,1,0,0,0
Poster/Tennis_no_Ouji_sama.jpg,1,0,1,0,0,0,0,0,0,0,0,0,0,0,1,0,0,0
Poster/Hinomaru_Zumou.jpg,1,0,0,0,0,0,0,0,0,0,0,0,0,0,1,0,0,0
Poster/Initial_D_Fifth_Stage.jpg,1,0,0,1,0,0,0,0,0,0,0,0,0,0,1,0,0,0
Poster/Diamond_no_Ace:_Second_Season.jpg,0,0,1,0,0,0,0,0,0,0,0,0,0,0,1,0,0,0
Poster/Cross_Game.jpg,0,0,1,1,0,0,0,0,0,0,0,0,1,0,1,0,0,0
Poster/Girls_und_Panzer_Movie.jpg,1,0,0,0,0,0,0,0,0,0,0,0,0,0,1,0,0,0
Poster/Walkure_Romanze.jpg,0,0,0,0,1,0,0,0,0,0,0,0,1,0,1,0,0,0
Poster/Initial_D_Final_Stage.jpg,1,0,0,0,0,0,0,0,0,0,0,0,0,0,1,0,0,0
Poster/Yowamushi_Pedal:_GRANDE_ROAD.jpg,0,0,1,1,0,0,0,0,0,0,0,0,0,0,1,0,0,0
Poster/High☆Speed!:_Free!_Starting_Days.jpg,0,0,1,1,0,0,0,0,0,0,0,0,0,0,1,1,0,0
Poster/Ashita_no_Joe.jpg,1,0,0,1,0,0,0,0,0,0,0,0,0,0,1,1,0,0
Poster/Touhai_Densetsu_Akagi:_Yami_ni_Maiorita_Tensai.jpg,0,0,0,0,0,0,0,0,0,0,0,1,0,0,1,0,0,1
Poster/Blue_Lock.jpg,1,0,0,1,0,0,0,0,0,0,0,0,0,0,1,0,0,0
Poster/Saki.jpg,0,0,0,0,0,0,0,0,0,0,0,0,0,0,1,1,0,0
Poster/Free!:_Take_Your_Marks.jpg,0,0,0,0,0,0,0,0,0,0,0,0,0,0,1,1,0,0
Poster/ALL_OUT!!.jpg,0,0,0,0,0,0,0,0,0,0,0,0,0,0,1,0,0,0
Poster/Kuroko_no_Basket:_Tip_Off.jpg,0,0,1,0,0,0,0,0,0,0,0,0,0,0,1,0,0,0
Poster/Hajime_no_Ippo:_Champion_Road.jpg,0,0,1,0,0,0,0,0,0,0,0,0,0,0,1,0,0,0
Poster/Teekyuu.jpg,0,0,1,0,0,0,0,0,0,0,0,0,0,0,1,1,0,0
Poster/Hikaru_no_Go.jpg,0,0,1,0,0,0,0,0,0,0,0,0,0,0,1,0,1,0
Poster/Free!:_the_Final_Stroke___Zenpen.jpg,0,0,0,1,0,0,0,0,0,0,0,0,0,0,1,0,0,0
Poster/Haikyuu!!:_Concept_no_Tatakai.jpg,0,0,1,1,0,0,0,0,0,0,0,0,0,0,1,0,0,0
Poster/Ookiku_Furikabutte.jpg,0,0,1,0,0,0,0,0,0,0,0,0,0,0,1,0,0,0
Poster/Bakuten_Shoot_Beyblade.jpg,1,1,1,0,0,0,0,0,0,0,0,0,0,1,1,0,0,0
Poster/Taisou_Zamurai.jpg,0,0,0,1,0,0,0,0,0,0,0,0,0,0,1,0,0,0
Poster/Houkago_Teibou_Nisshi.jpg,0,0,1,0,0,0,0,0,0,0,0,0,0,0,1,1,0,0
Poster/Grappler_Baki.jpg,0,0,0,0,0,0,0,0,0,0,0,0,0,0,1,0,0,0
Poster/Nana_Maru_San_Batsu.jpg,0,0,1,0,0,0,0,0,0,0,0,0,0,0,1,1,0,0
Poster/Metal_Fight_Beyblade.jpg,0,1,1,0,0,0,0,0,0,0,0,0,0,0,1,0,0,0
Poster/number24.jpg,0,0,0,0,0,0,0,0,0,0,0,0,0,0,1,0,0,0
Poster/Haikyuu!!:_Sainou_to_Sense.jpg,0,0,1,1,0,0,0,0,0,0,0,0,0,0,1,0,0,0
Poster/Diamond_no_Ace_Act_II.jpg,0,0,1,0,0,0,0,0,0,0,0,0,0,0,1,0,0,0
Poster/ViVid_Strike!.jpg,1,0,0,1,0,0,0,1,0,0,0,0,0,0,1,0,0,0
Poster/Saiki_Kusuo_no_Ψ_nan_2.jpg,0,0,1,0,0,0,0,0,0,0,0,0,0,0,0,1,1,0
Poster/GREAT_PRETENDER.jpg,1,0,1,1,0,0,0,0,0,0,0,0,0,0,0,0,0,1
Poster/Re:CREATORS.jpg,1,0,0,1,0,1,0,0,0,0,0,0,0,0,0,0,0,1
Poster/BLACK_LAGOON:_The_Second_Barrage.jpg,1,1,0,1,0,0,0,0,0,0,0,0,0,0,0,0,0,1
Poster/RAINBOW:_Nisha_Rokubou_no_Shichinin.jpg,0,0,0,1,0,0,0,0,0,0,0,0,0,0,0,0,0,1
Poster/Juuni_Taisen.jpg,1,0,0,0,0,0,0,0,0,0,0,0,0,0,0,0,0,1
Poster/Steins;Gate:_Kyoukaimenjou_no_Missing_Link___Divide_By_Zero.jpg,0,0,0,0,0,0,0,0,0,0,0,0,0,1,0,0,0,1
Poster/PSYCHO_PASS_3.jpg,1,0,0,0,0,0,0,0,0,0,0,1,0,1,0,0,0,1
Poster/Death_Billiards.jpg,0,0,0,1,0,0,0,0,0,0,1,1,0,0,0,0,0,1
Poster/Wonder_Egg_Priority:_Tokubetsu_hen.jpg,1,0,0,1,0,1,0,0,0,0,1,1,0,1,0,0,0,1
Poster/Kara_no_Kyoukai:_Satsujin_Kousatsu_(Zen).jpg,1,0,0,0,0,0,0,0,0,0,1,0,1,0,0,0,1,1
Poster/Yuukoku_no_Moriarty_Part_2.jpg,0,0,0,1,0,0,0,0,0,0,1,1,0,0,0,0,0,1
Poster/Kara_no_Kyoukai:_Tsuukaku_Zanryuu.jpg,1,0,0,1,0,0,0,0,0,0,1,0,0,0,0,0,1,1
Poster/Kara_no_Kyoukai:_Mujun_Rasen.jpg,1,0,0,1,0,0,0,0,0,0,1,0,1,0,0,0,1,1
Poster/C:_The_Money_of_Soul_and_Possibility_Control.jpg,1,0,0,0,0,0,0,0,0,0,1,0,0,0,0,0,1,1
Poster/Phantom:_Requiem_for_the_Phantom.jpg,1,0,0,1,0,0,0,0,0,0,0,0,0,0,0,0,0,1
Poster/Kara_no_Kyoukai:_Garan_no_Dou.jpg,1,0,0,0,0,0,0,0,0,0,1,0,0,0,0,0,1,1
Poster/Gankutsuou.jpg,0,0,0,1,0,0,0,0,0,0,1,0,0,1,0,0,1,1
Poster/BLACK_LAGOON:_Roberta's_Blood_Trail.jpg,1,1,0,1,0,0,0,0,0,0,0,0,0,0,0,0,0,1
Poster/Kokkoku.jpg,1,0,0,1,0,0,0,0,0,0,1,1,0,0,0,0,1,1
Poster/Magia_Record:_Mahou_Shoujo_Madoka☆Magica_Gaiden.jpg,0,0,0,1,0,0,0,1,0,0,1,1,0,0,0,0,0,1
Poster/Kara_no_Kyoukai:_Satsujin_Kousatsu_(Kou).jpg,1,0,0,0,0,0,0,0,0,0,1,0,1,0,0,0,1,1
Poster/Shiguang_Dailiren.jpg,0,0,0,1,0,0,0,0,0,0,1,0,0,0,0,0,1,1
Poster/Kara_no_Kyoukai:_Boukyaku_Rokuon.jpg,1,0,0,0,0,0,0,0,0,0,1,0,1,0,0,0,1,1
Poster/Joker_Game.jpg,1,0,0,1,0,0,0,0,0,0,1,1,0,0,0,0,0,1
Poster/Mahou_Shoujo_Madoka☆Magica_Movie:_Hajimari_no_Monogatari.jpg,1,0,0,1,0,1,0,1,0,0,0,1,0,0,0,0,0,1
Poster/Occultic;Nine.jpg,0,0,0,0,0,0,0,0,0,0,1,0,0,1,0,0,1,1
Poster/Mahou_Shoujo_Madoka☆Magica_Movie:_Eien_no_Monogatari.jpg,1,0,0,1,0,1,0,1,0,0,0,1,0,0,0,0,0,1
Poster/Aoi_Bungaku_Series.jpg,0,0,0,1,0,0,0,0,0,0,0,1,0,0,0,0,0,1
Poster/Gyakkyou_Burai_Kaiji:_Hakairoku_hen.jpg,0,0,0,0,0,0,0,0,0,0,0,1,0,0,0,0,0,1
Poster/Babylon.jpg,0,0,0,1,0,0,0,0,0,0,1,1,0,0,0,0,0,1
Poster/Subete_ga_F_ni_Naru:_THE_PERFECT_INSIDER.jpg,0,0,0,1,0,0,0,0,0,0,1,1,0,1,0,0,0,1
Poster/Ga_Rei_Zero.jpg,1,0,0,0,0,0,0,0,0,0,0,0,0,0,0,0,1,1
Poster/Higurashi_no_Naku_Koro_ni_Rei.jpg,0,0,1,0,0,0,0,0,0,0,1,1,0,0,0,0,1,1
Poster/selector_infected_WIXOSS.jpg,0,0,0,1,0,0,0,0,0,0,0,1,0,0,0,0,0,1
Poster/JIN_ROH.jpg,1,0,0,1,0,0,0,0,0,0,0,1,1,0,0,0,0,1
Poster/Death_Note_Rewrite.jpg,0,0,0,0,0,0,0,0,0,0,1,1,0,0,0,0,1,1
Poster/SPY×FAMILY.jpg,1,0,1,0,0,0,0,0,0,0,0,0,0,0,0,0,1,1
Poster/PSYCHO_PASS_Sinners_of_the_System_Case_1:_Tsumi_to_Batsu.jpg,1,0,0,0,0,0,0,0,0,0,0,1,0,1,0,0,0,1
Poster/Seikaisuru_Kado.jpg,0,0,0,0,0,0,0,0,0,0,0,0,0,1,0,0,1,1
Poster/PSYCHO_PASS_Sinners_of_the_System_Case_2:_First_Guardian.jpg,1,0,0,0,0,0,0,0,0,0,0,1,0,1,0,0,0,1
Poster/B:_The_Beginning_Succession.jpg,1,0,0,0,0,0,0,0,0,0,1,1,0,0,0,0,1,1
Poster/PSYCHO_PASS_3:_First_Inspector.jpg,1,0,0,0,0,0,0,0,0,0,0,1,0,1,0,0,0,1
Poster/PSYCHO_PASS_Sinners_of_the_System_Case_3:_Onshuu_no_Kanata_ni_____.jpg,1,0,0,0,0,0,0,0,0,0,0,1,0,1,0,0,0,1
Poster/selector_spread_WIXOSS.jpg,0,0,0,1,0,0,0,0,0,0,0,1,0,0,0,0,0,1
Poster/Shoumetsu_Toshi.jpg,1,1,0,1,0,1,0,0,0,0,1,0,0,1,0,0,0,1
Poster/Shigofumi.jpg,0,0,0,1,0,1,0,0,0,0,0,1,0,0,0,0,1,1
Poster/Lupin_the_Third:_Mine_Fujiko_to_Iu_Onna.jpg,1,1,1,1,1,0,0,0,0,0,0,1,0,0,0,0,0,1
Poster/Higurashi_no_Naku_Koro_ni_Kaku:_Outbreak.jpg,0,0,0,0,0,0,1,0,0,0,1,1,0,0,0,0,0,1
Poster/Under_the_Dog.jpg,1,0,0,0,0,0,0,0,0,0,0,0,0,1,0,0,0,1
Poster/Harmony.jpg,0,0,0,0,0,0,0,0,0,0,1,1,0,1,0,0,0,1
Poster/Magia_Record:_Mahou_Shoujo_Madoka☆Magica_Gaiden_2nd_Season___Kakusei_Zenya.jpg,0,0,0,1,0,0,0,1,0,0,1,1,0,0,0,0,0,1
